Zone,plotID,Site,comp,comp_name,div.lev,TopH,ENL,meanFrac,SSCI,can.open,plot,Clim.zone,SR.log2,FSI_mean,FSI_se,FENL_mean,FENL_se,FMFrac_mean,FMFrac_se,ref_n,SSCI_sc,meanFrac_sc,ENL_sc,FSI_sc,FMFrac_sc,FENL_sc,FSI_comp
ASref,1,AguaSalud,1,TeAm,1,27.5,17.73237719,1.69302235,4.541885279,3.79,194,Humid,0,0.70356571,0.010210687,1.160412625,0.032609284,0.83843291,0.00988629,11,0.203219335,-0.505948054,1.282030471,0.275362957,-0.414005389,1.239666504,0.010598377
ASref,2,AguaSalud,1,TeAm,1,27,20.09395285,1.683076634,4.845488688,5.415,210,Humid,0,0.733682544,0.010014228,1.219100842,0.030574633,0.835177461,0.010097026,11,0.478355501,-0.547975113,1.849543998,0.530419311,-0.459786603,1.593709523,0.011078363
ASref,3,AguaSalud,1,TeAm,1,21,16.05435586,1.728132141,4.565716104,6.14,224,Humid,0,0.706316,0.009785554,1.113291775,0.031428054,0.848501458,0.010306664,11,0.224815673,-0.357586564,0.878782834,0.29865488,-0.272411898,0.955404877,0.010326633
ASref,4,AguaSalud,1,TeAm,1,28,18.17467339,1.661525909,4.35990522,4.11,248,Humid,0,0.685455519,0.009573875,1.170631425,0.032978555,0.829050591,0.009933395,11,0.038302557,-0.639040813,1.388319285,0.121989623,-0.54594847,1.301312522,0.010536817
ASref,5,AguaSalud,1,TeAm,1,29,20.8026557,1.632699968,4.427800538,3.44,272,Humid,0,0.692115507,0.009621059,1.2349675,0.031441299,0.820534828,0.010052787,11,0.0998317,-0.760848988,2.019853364,0.178392376,-0.665705222,1.689426859,0.010968066
ASref,6,AguaSalud,1,TeAm,1,30,18.28725816,1.60525631,3.956890457,3.44,280,Humid,0,0.642421174,0.00945497,1.174406621,0.030150055,0.81198402,0.009858865,11,-0.326923701,-0.876816126,1.415374688,-0.24246379,-0.785954798,1.324086802,0.010289477
ASref,7,AguaSalud,1,TeAm,1,25,15.63807788,1.660667958,4.033792711,3.23,300,Humid,0,0.650265115,0.009303577,1.097624453,0.032851366,0.828957976,0.010037794,11,-0.257232153,-0.642666208,0.778746495,-0.176034266,-0.547250905,0.86089006,0.009878252
ASref,8,AguaSalud,1,TeAm,1,27,15.94082986,1.660896027,4.074765453,3.96,321,Humid,0,0.655597655,0.009399218,1.108336302,0.03280492,0.82958273,0.009995928,11,-0.220101203,-0.64170247,0.851501243,-0.130873535,-0.538465026,0.925510451,0.009984405
ASref,9,AguaSalud,1,TeAm,1,24,13.76190846,2.258089775,8.462051457,0.98,357,Humid,0,1.006083833,0.011411881,1.0339698,0.034011146,0.981001101,0.010172102,11,3.755812826,1.881825922,0.327881615,2.837357644,1.590923953,0.476886476,0.011576464
ASref,10,AguaSalud,1,TeAm,1,29,19.02601451,1.647968791,4.356020164,5.87,398,Humid,0,0.684929784,0.010019752,1.192412094,0.031752346,0.825385784,0.009690305,11,0.034781782,-0.696328372,1.592906252,0.11753723,-0.597486468,1.432706763,0.01067138
ASref,11,AguaSalud,1,TeAm,1,31,21.89139571,1.561386476,3.955407767,5.74,426,Humid,0,0.642266573,0.009738939,1.261848857,0.031332123,0.798932431,0.01058844,11,-0.328267367,-1.062194443,2.281489989,-0.243773085,-0.969498649,1.851591551,0.010825706
ASref,12,AguaSalud,2,DaRe,1,17.5,12.05694552,1.81965137,4.476154613,0.3,182,Humid,0,0.697038894,0.009957167,0.967825664,0.032646329,0.873901961,0.009882025,11,0.143651876,0.029141149,-0.081840397,0.220088035,0.084794112,0.077864818,0.009327357
ASref,13,AguaSalud,2,DaRe,1,29.5,15.53080324,1.702271849,4.321385836,15.39,204,Humid,0,0.680986828,0.009753194,1.0950202,0.032616381,0.840416713,0.010254629,11,0.003394927,-0.466862961,0.752967177,0.084144745,-0.38610726,0.845179621,0.010031826
ASref,14,AguaSalud,2,DaRe,1,23,9.582083146,1.900044416,4.270156261,14.34,206,Humid,0,0.676183642,0.009559709,0.853937238,0.032529799,0.895447579,0.009909708,11,-0.043031129,0.368853571,-0.676578012,0.043467064,0.387789054,-0.609179436,0.008493838
ASref,15,AguaSalud,2,DaRe,1,30,13.12801807,1.903407779,5.244743457,6.66,247,Humid,0,0.770969087,0.010159429,1.010484006,0.032851346,0.895767783,0.010201976,11,0.84017432,0.383065947,0.175550535,0.846195184,0.392292074,0.335205884,0.010055619
ASref,16,AguaSalud,2,DaRe,1,16,9.016645848,1.808339663,3.679403073,35.95,266,Humid,0,0.611464956,0.009303266,0.824288071,0.032349063,0.870918345,0.010195379,11,-0.5783926,-0.018658101,-0.812459034,-0.504628792,0.042835659,-0.788041241,0.00790887
ASref,17,AguaSalud,2,DaRe,1,18,10.94444011,1.771721937,3.929784588,4.02,282,Humid,0,0.638854103,0.009235085,0.919457119,0.031811962,0.860456174,0.009873326,11,-0.351488,-0.173391589,-0.349188118,-0.272672948,-0.10429332,-0.213923662,0.008684815
ASref,18,AguaSalud,2,DaRe,1,30,13.57648117,1.843997748,4.933932142,15.29,306,Humid,0,0.742092025,0.009712519,1.026861062,0.032225416,0.880240451,0.009875123,11,0.558506093,0.132020284,0.283321326,0.601638336,0.173931976,0.43400225,0.009989488
ASref,19,AguaSalud,2,DaRe,1,24,9.461650349,2.017976042,4.844193977,82.61,348,Humid,0,0.734032721,0.010249861,0.846304483,0.031348138,0.925168931,0.010502243,11,0.477182188,0.867190681,-0.705519385,0.533384926,0.805758947,-0.655224856,0.00878201
ASref,20,AguaSalud,2,DaRe,1,28,12.16129066,1.894996214,4.887781541,1.61,365,Humid,0,0.737768392,0.010214117,0.972235326,0.033056851,0.893356267,0.009983724,11,0.516682783,0.347521664,-0.056765072,0.565021935,0.358379041,0.104466582,0.009641232
ASref,21,AguaSalud,2,DaRe,1,16,7.342839369,1.989825972,3.942351158,4.78,378,Humid,0,0.640731102,0.009497243,0.72935773,0.030233377,0.917973024,0.010298208,11,-0.340099729,0.748238496,-1.214693794,-0.256776835,0.704563268,-1.360718796,0.007492218
ASref,22,AguaSalud,2,DaRe,1,18,7.58355947,2.349134057,5.5180202,1.495,386,Humid,0,0.795401392,0.010174029,0.742527028,0.030401531,1.000369719,0.010414223,11,1.087827387,2.266546679,-1.156846013,1.053109849,1.863303873,-1.281273586,0.008526902
ASref,23,AguaSalud,2,DaRe,1,24,10.57283758,1.818634391,4.097835455,63.27,392,Humid,0,0.657647117,0.009855552,0.901331189,0.032124455,0.87348415,0.00992616,11,-0.19919435,0.024843758,-0.438488438,-0.113516849,0.07891845,-0.323270294,0.008681136
ASref,24,AguaSalud,3,AnEx,1,21.5,11.98978191,1.767201583,4.114790808,36.535,172,Humid,0,0.6596898,0.009699012,0.964726237,0.034008617,0.859339197,0.01012438,11,-0.183828808,-0.192492997,-0.097980578,-0.096217582,-0.120001316,0.059167193,0.009097072
ASref,25,AguaSalud,3,AnEx,1,21,13.59436813,1.360914254,2.233778005,100,212,Humid,0,0.421860137,0.007069287,1.026254946,0.033254043,0.734252412,0.00943764,11,-1.888469259,-1.909318757,0.287619766,-2.110372386,-1.879090525,0.430345785,0.007891482
ASref,26,AguaSalud,3,AnEx,1,21,11.94929756,1.72843393,3.886321478,100,235,Humid,0,0.634852317,0.009411862,0.963288072,0.03178798,0.848291228,0.010166263,11,-0.39087581,-0.356311311,-0.107709428,-0.306563652,-0.275368355,0.050491306,0.008932363
ASref,27,AguaSalud,3,AnEx,1,32,9.573840241,1.386387912,2.091811572,100,285,Humid,0,0.400370334,0.00724542,0.852979444,0.032884549,0.743410876,0.009928174,11,-2.017124271,-1.801676137,-0.678558876,-2.292367305,-1.750295503,-0.614957433,0.006665351
ASref,28,AguaSalud,3,AnEx,1,26,14.20280018,1.871679243,5.276543414,13.61,304,Humid,0,0.773746672,0.010555233,1.051402963,0.031198047,0.88745689,0.010026865,11,0.868992567,0.248992437,0.433832917,0.86971827,0.275416401,0.582053919,0.010337107
ASref,29,AguaSalud,3,AnEx,1,33,12.56481309,1.697981526,3.818892193,31.09,364,Humid,0,0.627012318,0.009479108,0.988405576,0.033051007,0.83966658,0.009784901,11,-0.451982617,-0.48499234,0.040205964,-0.372959799,-0.396656346,0.202015368,0.009044616
ASref,30,AguaSalud,3,AnEx,1,25,10.87984089,1.987310632,5.151503489,13.86,389,Humid,0,0.762737995,0.010597614,0.916305547,0.033425898,0.917005867,0.01036722,11,0.755676957,0.737609564,-0.364712046,0.776486923,0.690962178,-0.232935863,0.009399753
ASref,31,AguaSalud,3,AnEx,1,17,8.057525022,2.083124088,4.624162264,27.06,401,Humid,0,0.711967581,0.010072841,0.771126912,0.032178527,0.940587002,0.010176757,11,0.277781654,1.142483154,-1.042946692,0.346517534,1.022582506,-1.108741686,0.008175255
ASref,32,AguaSalud,3,AnEx,1,19,7.928569248,1.494762965,2.29851437,99.99,424,Humid,0,0.431325326,0.007603472,0.762128319,0.031160023,0.778326614,0.009453694,11,-1.829802871,-1.343721706,-1.073936234,-2.030212685,-1.259277214,-1.163026672,0.00632064
ASref,33,AguaSalud,4,PaQu,1,15,8.95859669,1.661224654,3.042857115,95.965,176,Humid,0,0.533754213,0.008960465,0.821675208,0.032624341,0.829595879,0.009908359,11,-1.155253102,-0.640313809,-0.826408908,-1.162753034,-0.538280107,-0.803803621,0.007402181
ASref,34,AguaSalud,4,PaQu,1,22.5,8.038645017,2.261162874,5.124173625,27.71,185,Humid,0,0.760122061,0.010454114,0.768853995,0.031619854,0.981587232,0.010510478,11,0.730909666,1.894811745,-1.047483773,0.754332846,1.599166693,-1.122453305,0.008614862
ASref,35,AguaSalud,4,PaQu,1,19,10.55761642,1.682688404,3.409229735,95.49,219,Humid,0,0.579644125,0.009072315,0.903011096,0.031308324,0.835742563,0.010127905,11,-0.823233252,-0.549615635,-0.442146256,-0.774116121,-0.451839599,-0.313136075,0.008213154
ASref,36,AguaSalud,4,PaQu,1,26,7.865052719,1.770595858,3.248843533,87.27,231,Humid,0,0.559593216,0.008804138,0.758494848,0.031076193,0.860415448,0.010219839,11,-0.968580911,-0.178149998,-1.089199979,-0.943925192,-0.10486605,-1.184945979,0.007163992
ASref,37,AguaSalud,4,PaQu,1,16,6.319564469,1.891162273,3.237360958,15.6,257,Humid,0,0.55805067,0.008654602,0.660575931,0.029929088,0.892786195,0.010072588,11,-0.978986828,0.331320793,-1.460598407,-0.956988858,0.350362149,-1.775652446,0.006545222
ASref,38,AguaSalud,4,PaQu,1,14,7.511542659,1.984232091,3.981783237,61.8,291,Humid,0,0.644966565,0.00927665,0.736240351,0.030614609,0.916014323,0.010339908,11,-0.304364982,0.724600745,-1.174152472,-0.220907139,0.677018148,-1.319198645,0.007541999
ASref,39,AguaSalud,4,PaQu,1,25,8.277872195,2.109728629,4.844854957,1.97,302,Humid,0,0.734225671,0.010252121,0.782042568,0.031605835,0.947129572,0.01052085,11,0.477781192,1.254904482,-0.989994757,0.535019001,1.114590346,-1.042891813,0.008365842
ASref,40,AguaSalud,4,PaQu,1,18,7.859779104,1.892186571,3.724198245,96.09,337,Humid,0,0.616149325,0.009213882,0.757931476,0.031734897,0.892961826,0.009970758,11,-0.537797628,0.335649112,-1.090467289,-0.464957357,0.352832032,-1.188344584,0.007511772
ASref,41,AguaSalud,4,PaQu,1,26,7.441980509,2.124147182,4.536326774,-0.05,372,Humid,0,0.703841128,0.009761968,0.733473335,0.031023779,0.950499931,0.010411585,11,0.19818202,1.31583216,-1.190869049,0.277695446,1.161987534,-1.335890967,0.007882502
ASref,42,AguaSalud,4,PaQu,1,18,7.473339986,2.410185987,5.867246558,99.99,419,Humid,0,0.824776573,0.010775507,0.732931721,0.030122333,1.013532927,0.01014839,11,1.404308686,2.524530422,-1.18333301,1.301885221,2.048417402,-1.33915831,0.008560609
ASref,43,AguaSalud,4,PaQu,1,22,10.19480537,1.4139172,2.234941559,100,422,Humid,0,0.421835177,0.007117814,0.884691138,0.032241999,0.751925156,0.009534191,11,-1.887414805,-1.685347157,-0.529333883,-2.110583773,-1.630559607,-0.423653206,0.007016
ASref,44,AguaSalud,5,TaRo,1,22.66666667,12.65895086,1.521610606,2.905714931,96.66,171,Humid,0,0.516080892,0.008480879,0.994148937,0.032768517,0.786437505,0.009490625,11,-1.279536208,-1.230273123,0.062828342,-1.312426566,-1.145214173,0.236662814,0.00835647
ASref,45,AguaSalud,5,TaRo,1,19.5,9.340948757,1.826786746,3.835473204,35.735,186,Humid,0,0.629208075,0.009496161,0.84230709,0.031770686,0.875663924,0.010417389,11,-0.436956318,0.059292711,-0.734525352,-0.354364156,0.109572508,-0.67933956,0.008138911
ASref,46,AguaSalud,5,TaRo,1,25,11.78147029,1.780538263,4.152944979,20.75,207,Humid,0,0.663772433,0.009507855,0.956160584,0.032733769,0.863418783,0.00962714,11,-0.149252146,-0.13613693,-0.148040232,-0.061642184,-0.062630299,0.007493963,0.009071846
ASref,47,AguaSalud,5,TaRo,1,16,8.383924363,1.684672828,3.031403217,100,267,Humid,0,0.531900351,0.008614491,0.787798753,0.031093024,0.835745466,0.010124663,11,-1.16563303,-0.541230165,-0.964509213,-1.178453205,-0.451798781,-1.008167004,0.007165296
ASref,48,AguaSalud,5,TaRo,1,28,16.77120153,1.669093312,4.239556358,58.79,275,Humid,0,0.672483683,0.009713711,1.131370935,0.03251441,0.831649896,0.009956405,11,-0.070761846,-0.607063659,1.051049013,0.012132486,-0.509394577,1.064469367,0.010224856
ASref,49,AguaSalud,5,TaRo,1,14,9.041031614,1.653360151,3.02548952,99.6,297,Humid,0,0.531378079,0.008526686,0.825821034,0.031134192,0.82718531,0.010153018,11,-1.170992232,-0.673546402,-0.806598857,-1.182876272,-0.572179816,-0.778793476,0.007411509
ASref,50,AguaSalud,5,TaRo,1,18,8.258241579,1.72651199,3.167489817,100,318,Humid,0,0.549855913,0.008943846,0.78054258,0.030938436,0.847799039,0.00978671,11,-1.042306531,-0.364432746,-0.994712218,-1.026389404,-0.282289974,-1.051940653,0.007232358
ASref,51,AguaSalud,5,TaRo,1,23,8.391527386,1.568992966,2.606930155,80.85,349,Humid,0,0.475519289,0.008071893,0.789811984,0.032212612,0.80146462,0.009814535,11,-1.550305559,-1.030052121,-0.96268212,-1.655938581,-0.933888598,-0.996021971,0.006803851
ASref,52,AguaSalud,5,TaRo,1,21,6.254287082,2.14591326,4.054466249,22.24,370,Humid,0,0.653255702,0.009561369,0.656724,0.029197607,0.955957653,0.010321884,11,-0.238497061,1.407807864,-1.476285307,-0.150707293,1.238739201,-1.798889636,0.007110287
ASref,53,AguaSalud,5,TaRo,1,18,8.734839946,1.611548614,2.812954523,100,381,Humid,0,0.503396384,0.008476783,0.809657381,0.030894538,0.814814879,0.009794345,11,-1.363598977,-0.850227087,-0.880180202,-1.419850349,-0.746144574,-0.876302466,0.007125841
ASref,54,AguaSalud,6,DaRe|PaQu|TeAm|AnEx|TaRo,5,22,17.51218407,1.723370745,4.869911011,7.28,180,Humid,2.321928095,0.735824038,0.010261673,1.152078658,0.033275013,0.846655209,0.00989858,11,0.500487876,-0.37770653,1.229115556,0.548555406,-0.298375599,1.189390948,0.010656267
ASref,55,AguaSalud,6,DaRe|PaQu|TeAm|AnEx|TaRo,5,22.5,14.97142581,1.9811829,6.362171232,4.345,188,Humid,2.321928095,0.864392815,0.011031535,1.073887172,0.031863032,0.91561136,0.010194405,11,1.852826962,0.711715948,0.61854241,1.637391074,0.671351299,0.717692346,0.010994556
ASref,56,AguaSalud,6,DaRe|PaQu|TeAm|AnEx|TaRo,5,24,15.36601824,1.781082146,4.837907624,7.42,209,Humid,2.321928095,0.733026957,0.010121281,1.089384655,0.032649136,0.86299311,0.010003887,11,0.471485272,-0.133838674,0.713367465,0.524867215,-0.068616523,0.811182591,0.01032924
ASref,57,AguaSalud,6,DaRe|PaQu|TeAm|AnEx|TaRo,5,22,15.98489934,1.717152216,4.478073397,5.62,214,Humid,2.321928095,0.698039126,0.010366527,1.106948677,0.033341254,0.845343263,0.009785572,11,0.145390746,-0.403983822,0.862091641,0.228558891,-0.316825438,0.91713945,0.010218263
ASref,58,AguaSalud,6,DaRe|PaQu|TeAm|AnEx|TaRo,5,25,18.27753451,1.624148319,4.092694287,9.47,239,Humid,2.321928095,0.656805171,0.009501963,1.174449903,0.032421045,0.818015017,0.009934821,11,-0.203853458,-0.796985215,1.413037984,-0.120647208,-0.7011412,1.324347903,0.010389074
ASref,59,AguaSalud,6,DaRe|PaQu|TeAm|AnEx|TaRo,5,30,20.47319398,1.853765644,6.445976771,3.69,277,Humid,2.321928095,0.87005744,0.010321526,1.229431198,0.030270959,0.882108074,0.010254306,11,1.928774511,0.173295939,1.940679961,1.685364192,0.200196266,1.656028516,0.011993044
ASref,60,AguaSalud,6,DaRe|PaQu|TeAm|AnEx|TaRo,5,23,18.8514116,1.7107191,4.838934433,7.31,295,Humid,2.321928095,0.733750045,0.01079558,1.189780913,0.031621484,0.842928165,0.010215615,11,0.472415803,-0.431167883,1.550947184,0.530990969,-0.350788832,1.416833882,0.010942217
ASref,61,AguaSalud,6,DaRe|PaQu|TeAm|AnEx|TaRo,5,19,14.39989387,1.838880772,5.057344588,3.255,299,Humid,2.321928095,0.753356281,0.010065137,1.05561775,0.033880978,0.878887207,0.010082366,11,0.670346824,0.110397764,0.481196775,0.697034154,0.154901365,0.607480082,0.01024877
ASref,62,AguaSalud,6,DaRe|PaQu|TeAm|AnEx|TaRo,5,24,15.12804159,1.648088256,3.885422931,5.96,317,Humid,2.321928095,0.634309497,0.009361316,1.082781992,0.032458098,0.825256161,0.00970468,11,-0.391690105,-0.695823555,0.656178965,-0.311160742,-0.599309354,0.771351312,0.009688282
ASref,63,AguaSalud,6,DaRe|PaQu|TeAm|AnEx|TaRo,5,27,19.64648077,1.836445401,6.11082266,2.14,331,Humid,2.321928095,0.844732599,0.010765162,1.20835442,0.032285814,0.878337989,0.010273919,11,1.625045981,0.100106752,1.742011361,1.470890737,0.147177752,1.528880572,0.011722152
ASref,64,AguaSalud,6,DaRe|PaQu|TeAm|AnEx|TaRo,5,24,14.05657129,1.723436056,4.215156663,5.42,332,Humid,2.321928095,0.670083098,0.009228172,1.045490779,0.032255577,0.846861399,0.010325505,11,-0.092873714,-0.377430549,0.398692449,-0.008197814,-0.295475961,0.546388032,0.009673426
ASref,65,AguaSalud,6,DaRe|PaQu|TeAm|AnEx|TaRo,5,26,16.07160993,1.844412481,5.473968105,6.79,342,Humid,2.321928095,0.791263492,0.010022764,1.111484807,0.032309165,0.880142984,0.010163377,11,1.047905818,0.133772798,0.882929184,1.018066398,0.172561296,0.944504147,0.01081117
ASref,66,AguaSalud,6,DaRe|PaQu|TeAm|AnEx|TaRo,5,22,17.42298293,1.812539701,5.471816993,2.53,358,Humid,2.321928095,0.790780195,0.01052644,1.149174387,0.031982634,0.871803699,0.010272469,11,1.045956404,-0.000910235,1.207679507,1.013973406,0.055286351,1.171870617,0.011040623
ASref,67,AguaSalud,6,DaRe|PaQu|TeAm|AnEx|TaRo,5,21,12.26918577,1.841640693,4.622669,1.59,397,Humid,2.321928095,0.712574928,0.009966195,0.977282795,0.032080427,0.879413261,0.010183298,11,0.276428405,0.122060208,-0.030836648,0.351661099,0.162299246,0.134915987,0.009495598
ASref,68,AguaSalud,6,DaRe|PaQu|TeAm|AnEx|TaRo,5,22,12.23077518,2.08597499,6.302831773,1.07,409,Humid,2.321928095,0.8599266,0.010995155,0.974741798,0.03281754,0.941641874,0.010566219,11,1.799051442,1.154530052,-0.04006715,1.599567161,1.037417124,0.119587147,0.01034895
ASref,69,AguaSalud,6,DaRe|PaQu|TeAm|AnEx|TaRo,5,23,13.46683886,1.909665846,5.377171522,2.31,421,Humid,2.321928095,0.782706156,0.010351679,1.023840939,0.033292358,0.897589597,0.009927797,11,0.960185324,0.409510312,0.25697303,0.945595212,0.417912152,0.415783027,0.010215416
ASref,70,AguaSalud,7,DaRe|AnEx,2,23.5,10.81851802,1.87084772,4.452525288,30.475,174,Humid,1,0.694753727,0.010094142,0.913207908,0.030991612,0.887594571,0.010501752,11,0.122238145,0.245478717,-0.37944863,0.200735191,0.277352602,-0.251622701,0.008980217
ASref,71,AguaSalud,7,DaRe|AnEx,2,27.5,13.18675949,1.796838313,4.565074106,2.43,184,Humid,1,0.7065893,0.010089045,1.011628858,0.032176801,0.867344194,0.009954699,11,0.224233871,-0.067258716,0.189666767,0.300969432,-0.007427439,0.342112327,0.009654742
ASref,72,AguaSalud,7,DaRe|AnEx,2,39,7.780001508,1.835101301,3.474669353,42.01,220,Humid,1,0.587512392,0.009207586,0.75411137,0.0314513,0.877895722,0.010303399,11,-0.763929552,0.094427063,-1.109638754,-0.707480585,0.140958167,-1.211389785,0.007310799
ASref,73,AguaSalud,7,DaRe|AnEx,2,21,10.22526614,1.852821961,4.194462297,26.27,229,Humid,1,0.668000944,0.00977948,0.886247969,0.032111054,0.882181774,0.010160124,11,-0.111627682,0.16930827,-0.522013813,-0.025831362,0.201232705,-0.414261454,0.008646244
ASref,74,AguaSalud,7,DaRe|AnEx,2,32,12.16312124,1.769439397,4.160972134,5.87,262,Humid,1,0.664501897,0.009786294,0.971471919,0.033249247,0.860127976,0.009853502,11,-0.141977654,-0.183036791,-0.056325162,-0.055464431,-0.10890876,0.099861248,0.009171587
ASref,75,AguaSalud,7,DaRe|AnEx,2,18,8.63869331,1.917130395,4.068815559,29.48,296,Humid,1,0.654666538,0.009572276,0.803044394,0.031657716,0.899130288,0.010000252,11,-0.225493208,0.441052842,-0.903285334,-0.138759065,0.439578813,-0.916196023,0.008030249
ASref,76,AguaSalud,7,DaRe|AnEx,2,10,6.715131287,2.051171268,3.927941758,33.39,313,Humid,1,0.639536894,0.009277674,0.68580278,0.029700482,0.932586712,0.010192601,11,-0.353158038,1.0074619,-1.365539196,-0.26689046,0.910074823,-1.623468748,0.007190581
ASref,77,AguaSalud,7,DaRe|AnEx,2,24.5,11.60491117,2.163511562,6.507182943,2.37,346,Humid,1,0.875619203,0.010785786,0.948789966,0.032165487,0.959572632,0.010624018,11,1.984241713,1.48217203,-0.1904694,1.73246619,1.289576473,-0.036970089,0.010322859
ASref,78,AguaSalud,7,DaRe|AnEx,2,26,10.64179961,2.122426209,5.927756227,17.02,379,Humid,1,0.829941281,0.010562126,0.905155658,0.031750632,0.949816942,0.010060177,11,1.459144693,1.30855994,-0.421916077,1.345624594,1.152382688,-0.300198773,0.009718477
ASref,79,AguaSalud,7,DaRe|AnEx,2,20,6.624504271,1.879484919,3.297204973,62.06,388,Humid,1,0.565282101,0.009027106,0.679606438,0.028542984,0.889352828,0.010192072,11,-0.924754061,0.281976448,-1.3873179,-0.895746619,0.302078873,-1.660848854,0.006700222
ASref,80,AguaSalud,7,DaRe|AnEx,2,20,10.35206956,1.350697849,2.085390202,99.11,413,Humid,1,0.399453105,0.006994592,0.892892175,0.031884367,0.731386157,0.009711235,11,-2.022943544,-1.952489651,-0.491541507,-2.300135226,-1.919398515,-0.37417956,0.00683124
ASref,81,AguaSalud,7,DaRe|AnEx,2,23,8.882792221,2.315468269,6.257682032,0.6,423,Humid,1,0.856316145,0.011227021,0.816697251,0.033269279,0.993365501,0.010351145,11,1.758135147,2.124287031,-0.844625586,1.568990593,1.764803895,-0.833833686,0.00929358
ASref,82,AguaSalud,7,DaRe|AnEx,2,20,9.060114807,2.004064419,4.627832683,0.67,427,Humid,1,0.712879302,0.009907958,0.826612334,0.031698489,0.921259221,0.010305783,11,0.281107917,0.80840511,-0.802012949,0.354238807,0.750776889,-0.774019873,0.00853069
ASref,83,AguaSalud,8,PaQu|AnEx,2,18.5,9.039149495,1.978791917,4.437789577,7.945,177,Humid,1,0.693470508,0.009484887,0.82398907,0.032174066,0.914450342,0.010509887,11,0.108884121,0.701612504,-0.807051152,0.189867737,0.655023963,-0.789845,0.008422207
ASref,84,AguaSalud,8,PaQu|AnEx,2,17.5,7.124242907,1.917329615,3.580102079,70.47,192,Humid,1,0.599948125,0.009160693,0.714105586,0.029269813,0.899655724,0.010032209,11,-0.66838268,0.441894674,-1.267225014,-0.602163643,0.446967986,-1.452729008,0.007146294
ASref,85,AguaSalud,8,PaQu|AnEx,2,20.5,11.69125843,2.025000313,5.62963805,1.235,201,Humid,1,0.804818501,0.010134922,0.952372138,0.033228234,0.927051933,0.010474244,11,1.188979437,0.896872752,-0.16971917,1.132862372,0.832239507,-0.015360251,0.009908755
ASref,86,AguaSalud,8,PaQu|AnEx,2,32,9.450782907,2.083282676,5.199236439,20.83,250,Humid,1,0.767004077,0.010709958,0.848329095,0.032552919,0.940417993,0.010225273,11,0.798934247,1.14315329,-0.708130955,0.81261593,1.020205737,-0.643011161,0.008991633
ASref,87,AguaSalud,8,PaQu|AnEx,2,10,3.713632021,2.191252891,2.798930399,66.94,270,Humid,1,0.501542347,0.008165698,0.448303623,0.023462157,0.966165868,0.010090978,11,-1.376308135,1.59939702,-2.086833653,-1.435551999,1.382296819,-3.056208113,0.004921059
ASref,88,AguaSalud,8,PaQu|AnEx,2,28,11.62781915,2.142435278,6.484091282,10.37,281,Humid,1,0.873701189,0.010815592,0.951556461,0.033331393,0.954997455,0.010137556,11,1.963315232,1.393111149,-0.184964351,1.716222727,1.225235991,-0.02028091,0.010288993
ASref,89,AguaSalud,8,PaQu|AnEx,2,23,7.876160806,1.98704534,4.125278853,2.04,322,Humid,1,0.660836693,0.009551834,0.760791383,0.031044705,0.916948011,0.010211932,11,-0.17432417,0.736488534,-1.086530579,-0.086504667,0.690148559,-1.171091888,0.007803801
ASref,90,AguaSalud,8,PaQu|AnEx,2,24,13.49445868,1.796531964,4.593151364,55.31,329,Humid,1,0.708620387,0.009975648,1.021471622,0.032754377,0.867392802,0.010182459,11,0.249678477,-0.068553238,0.263610387,0.318170498,-0.006743864,0.40148987,0.009749387
ASref,91,AguaSalud,8,PaQu|AnEx,2,30,12.01869879,2.252217837,7.529271075,0.95,343,Humid,1,0.947775937,0.011375601,0.963624694,0.032935487,0.978980623,0.010096051,11,2.910494193,1.8570132,-0.091031522,2.343554105,1.562510076,0.052522017,0.010760064
ASref,92,AguaSalud,8,PaQu|AnEx,2,17,9.699211893,2.125845736,5.548387014,59.94,354,Humid,1,0.797700855,0.010383762,0.860284628,0.032526671,0.950747069,0.009886739,11,1.11534687,1.323009645,-0.64843064,1.072583767,1.165463024,-0.570888119,0.009248437
ASref,93,AguaSalud,8,PaQu|AnEx,2,25,15.29789513,0.355547386,0.059562955,100,396,Humid,1,0.014135209,0.00030387,1.086011036,0.032011623,0.263401984,0.004690715,11,-3.858819975,-6.15764159,0.696996705,-5.563352622,-8.500636561,0.79083087,0.002209947
ASref,94,AguaSalud,8,PaQu|AnEx,2,24,9.943891959,2.215547001,6.216636037,1.46,408,Humid,1,0.852949788,0.010822805,0.871355176,0.032627539,0.971239498,0.010205059,11,1.720937812,1.702055289,-0.589631234,1.540481261,1.453647029,-0.50410384,0.009630109
ASref,95,AguaSalud,8,PaQu|AnEx,2,18,10.29364606,1.860580843,4.252974847,98.64,428,Humid,1,0.674004193,0.009416025,0.889571727,0.032186897,0.884805621,0.010077788,11,-0.058601536,0.202094546,-0.50558134,0.025009535,0.238131738,-0.394210526,0.008712158
ASref,96,AguaSalud,9,TeAm|AnEx,2,17.5,12.81163856,1.739060031,4.089030261,6,175,Humid,1,0.657060858,0.009778309,0.999248836,0.032705703,0.85140244,0.010653992,11,-0.207173928,-0.311409187,0.099520936,-0.118481821,-0.231615535,0.267428505,0.009309912
ASref,97,AguaSalud,9,TeAm|AnEx,2,19,13.21098642,1.827536653,4.77853385,6.315,199,Humid,1,0.726989569,0.010534606,1.011529012,0.034739639,0.875838492,0.010142223,11,0.417678655,0.062461551,0.195488775,0.473737195,0.112027439,0.341509999,0.009776568
ASref,98,AguaSalud,9,TeAm|AnEx,2,26,19.91106413,1.607072685,4.133415039,6.54,216,Humid,1,0.661739861,0.009570691,1.215485104,0.031955695,0.813128415,0.009755064,11,-0.16695087,-0.869140771,1.805593756,-0.078855824,-0.769861227,1.571897197,0.010668851
ASref,99,AguaSalud,9,TeAm|AnEx,2,29,21.13486937,1.543154285,3.756839597,6.06,236,Humid,1,0.620109912,0.009284289,1.243500149,0.031084742,0.793974911,0.009932408,11,-0.508216878,-1.139237198,2.099688093,-0.431415556,-1.039216,1.740900988,0.010582523
ASref,100,AguaSalud,9,TeAm|AnEx,2,30,24.15833131,1.764771965,6.103960738,2.45,244,Humid,1,0.844552841,0.010977983,1.30488922,0.030484748,0.857990145,0.010094949,11,1.618827464,-0.202759699,2.826260431,1.469368385,-0.138972964,2.111237198,0.012279661
ASref,101,AguaSalud,9,TeAm|AnEx,2,27,16.16897689,1.746490811,4.72032267,3.15,260,Humid,1,0.721469232,0.009883624,1.112291572,0.031898365,0.85371801,0.009885258,11,0.364925621,-0.280009354,0.906327573,0.426986035,-0.19905179,0.949371047,0.010399685
ASref,102,AguaSalud,9,TeAm|AnEx,2,22,18.52825434,1.63886195,4.229732156,6.07,273,Humid,1,0.671825841,0.010149637,1.179091177,0.032062877,0.822785458,0.009873876,11,-0.079664886,-0.734810643,1.473288814,0.006561298,-0.634054726,1.35234689,0.010509076
ASref,103,AguaSalud,9,TeAm|AnEx,2,30,20.60698454,1.638157626,4.452060073,5.33,305,Humid,1,0.694883742,0.009684253,1.230830575,0.031604264,0.822699654,0.009844802,11,0.12181655,-0.737786866,1.972831356,0.201836274,-0.635261383,1.66447041,0.010968738
ASref,104,AguaSalud,9,TeAm|AnEx,2,20,13.54057083,1.477241271,2.763999596,7.79,307,Humid,1,0.497059465,0.008342412,1.026016327,0.032855974,0.772943117,0.00947132,11,-1.407963666,-1.417762154,0.274691662,-1.473517064,-1.334985075,0.428906291,0.008432926
ASref,105,AguaSalud,9,TeAm|AnEx,2,31,20.3806391,1.717778478,5.108913599,5.76,347,Humid,1,0.75903574,0.010139941,1.225970001,0.030170153,0.845704383,0.009890802,11,0.717080489,-0.401337462,1.918437969,0.745132909,-0.311747021,1.63514847,0.011323221
ASref,106,AguaSalud,9,TeAm|AnEx,2,28,18.14867667,1.703174426,4.680876279,4.83,366,Humid,1,0.717794909,0.010046637,1.170024849,0.031258705,0.840958703,0.010162645,11,0.329177904,-0.463048992,1.382071977,0.395868577,-0.37848528,1.297653284,0.010727933
ASref,107,AguaSalud,9,TeAm|AnEx,2,18,10.12397534,2.109467996,5.628984046,1.2,385,Humid,1,0.804094364,0.010537182,0.882222909,0.031807859,0.947180659,0.010273273,11,1.188386756,1.25380314,-0.546355146,1.126729731,1.115308773,-0.438543066,0.009438174
ASref,108,AguaSalud,9,TeAm|AnEx,2,19,12.82430204,1.622833894,3.439387102,6.71,420,Humid,1,0.582923754,0.009101348,0.998034547,0.031987723,0.817839885,0.009997458,11,-0.795903578,-0.802539508,0.102564114,-0.746341285,-0.703604069,0.260103175,0.00882607
ASref,109,AguaSalud,10,AnEx|TaRo,2,26,11.75225774,1.902836548,4.879824946,20.665,181,Humid,1,0.737257487,0.01020733,0.954283094,0.033935968,0.89509446,0.010101296,11,0.509472235,0.380652128,-0.155060341,0.560695136,0.382823162,-0.0038322,0.009487092
ASref,110,AguaSalud,10,AnEx|TaRo,2,18,7.002690204,1.976188262,3.753052127,52.935,205,Humid,1,0.619736564,0.009580515,0.706576334,0.029406539,0.914961983,0.01012917,11,-0.511649218,0.690610384,-1.296435513,-0.434577401,0.662219146,-1.498150037,0.007227342
ASref,111,AguaSalud,10,AnEx|TaRo,2,21,12.313795,1.551576106,3.012852212,81.52,226,Humid,1,0.529674578,0.008665815,0.978282877,0.032391277,0.796321034,0.009868053,11,-1.182444608,-1.103649577,-0.020116542,-1.197303048,-1.006222585,0.140949092,0.008357368
ASref,112,AguaSalud,10,AnEx|TaRo,2,24,16.43491854,1.481251301,3.003720482,100,242,Humid,1,0.528721369,0.008417019,1.121758535,0.033249462,0.774343087,0.009557483,11,-1.190720105,-1.400817193,0.97023638,-1.205375671,-1.315297357,1.006481527,0.009241501
ASref,113,AguaSalud,10,AnEx|TaRo,2,18,8.17744479,1.557796631,2.538272295,98.02,256,Humid,1,0.466008797,0.008052151,0.778645051,0.03225499,0.798275591,0.009837372,11,-1.612525744,-1.077363851,-1.014128606,-1.736481956,-0.978735751,-1.063387702,0.006673063
ASref,114,AguaSalud,10,AnEx|TaRo,2,40,8.544206487,1.674271645,3.021087693,83.71,268,Humid,1,0.53103609,0.008295263,0.800316794,0.031711503,0.833017935,0.010225879,11,-1.174981323,-0.585181865,-0.925991594,-1.185772543,-0.49015591,-0.932650566,0.00724836
ASref,115,AguaSalud,10,AnEx|TaRo,2,20,8.617534338,1.960568694,4.263165546,17.65,284,Humid,1,0.675664632,0.009717116,0.802493821,0.030800219,0.910391253,0.010062204,11,-0.049366363,0.624607645,-0.908370076,0.039071617,0.597941194,-0.919517416,0.008155315
ASref,116,AguaSalud,10,AnEx|TaRo,2,26,11.76309304,1.790849891,4.205159949,38.49,320,Humid,1,0.668770018,0.009699289,0.956894879,0.033034921,0.865465034,0.01030279,11,-0.10193309,-0.092563658,-0.152456495,-0.019318154,-0.033853972,0.011923676,0.009106724
ASref,117,AguaSalud,10,AnEx|TaRo,2,25,11.84444796,1.68897884,3.653044824,77.03,324,Humid,1,0.60803012,0.009278654,0.959667158,0.033019196,0.837400915,0.010451094,11,-0.602279379,-0.52303449,-0.132905981,-0.533718065,-0.428518277,0.028647749,0.008750924
ASref,118,AguaSalud,10,AnEx|TaRo,2,31,11.72502444,2.045507437,5.822464783,29.79,335,Humid,1,0.821015957,0.010503736,0.953166784,0.033213267,0.931574622,0.010257624,11,1.363725855,0.983528565,-0.161604813,1.270036953,0.895841856,-0.010566461,0.009979806
ASref,119,AguaSalud,10,AnEx|TaRo,2,20,9.646056619,1.767883001,3.638024132,93.39,377,Humid,1,0.606175493,0.009368172,0.857757978,0.032999556,0.859804691,0.00956638,11,-0.615891663,-0.189613567,-0.661204458,-0.549424709,-0.113455094,-0.586130409,0.008094076
ASref,120,AguaSalud,10,AnEx|TaRo,2,18,10.40018651,1.659725007,3.275562198,99.99,403,Humid,1,0.562948999,0.008861065,0.893538594,0.032623842,0.828624855,0.009864047,11,-0.94436751,-0.646650784,-0.479978456,-0.915505412,-0.551935577,-0.370279972,0.008037357
ASref,121,AguaSalud,10,AnEx|TaRo,2,18,7.799702325,1.586540467,2.58073744,100,415,Humid,1,0.472234867,0.00793652,0.755061361,0.03152511,0.807621959,0.00961929,11,-1.574042325,-0.955902623,-1.104904423,-1.683754014,-0.847298252,-1.205658861,0.006569366
ASref,122,AguaSalud,11,DaRe|PaQu,2,23,9.642374741,2.023172758,4.873610388,3.95,197,Humid,1,0.737005081,0.010194728,0.857879413,0.033624845,0.925908299,0.010312199,11,0.503840382,0.889150154,-0.662089255,0.558557535,0.816156642,-0.585397835,0.008911349
ASref,123,AguaSalud,11,DaRe|PaQu,2,20.5,10.96513597,1.913003247,4.628324558,17.545,202,Humid,1,0.712853287,0.010048314,0.922194997,0.03254155,0.898405923,0.010291342,11,0.281553672,0.423612982,-0.344214667,0.354018491,0.429392099,-0.197407119,0.009212093
ASref,124,AguaSalud,11,DaRe|PaQu,2,27,11.27935254,1.78947618,4.112172523,17.275,211,Humid,1,0.659118922,0.00973872,0.935725341,0.031888422,0.865771697,0.010029823,11,-0.186201591,-0.098368472,-0.268704846,-0.101052289,-0.029541388,-0.11578385,0.008909347
ASref,125,AguaSalud,11,DaRe|PaQu,2,18,13.6588103,1.727513289,4.175523008,3.95,221,Humid,1,0.666324715,0.009603082,1.02985306,0.032524498,0.848489012,0.010180306,11,-0.128791136,-0.360201613,0.303105953,-0.040027174,-0.272586926,0.452051798,0.009552493
ASref,126,AguaSalud,11,DaRe|PaQu,2,19,9.405189553,2.051932161,5.007707418,18.21,243,Humid,1,0.749420297,0.01027348,0.843747983,0.032421471,0.933282883,0.010400323,11,0.625363862,1.010677163,-0.719087557,0.663700712,0.919865052,-0.670647219,0.008855187
ASref,127,AguaSalud,11,DaRe|PaQu,2,18,7.4246806,1.882881221,3.556048331,71.82,255,Humid,1,0.596795673,0.009347757,0.733472206,0.030137792,0.891097164,0.010344557,11,-0.690181038,0.296328013,-1.195026415,-0.628861437,0.326609381,-1.335897776,0.00724968
ASref,128,AguaSalud,11,DaRe|PaQu,2,25,10.86593026,1.862301051,4.407981034,17.1,276,Humid,1,0.69064937,0.009628778,0.9147524,0.032978399,0.885088417,0.010015823,11,0.081870563,0.209363533,-0.368054929,0.165975813,0.242108682,-0.242305388,0.008962483
ASref,129,AguaSalud,11,DaRe|PaQu,2,18,7.672496325,1.93436829,3.835873211,1.86,308,Humid,1,0.629592032,0.009253308,0.74890203,0.030060333,0.904215499,0.010606658,11,-0.436593817,0.513894055,-1.135473473,-0.351112465,0.511091883,-1.242815696,0.007543808
ASref,130,AguaSalud,11,DaRe|PaQu,2,12,7.046323888,2.454970302,5.775208226,0.57,326,Humid,1,0.817457123,0.010729287,0.708252261,0.030919289,1.022697826,0.010319114,11,1.320900289,2.71377301,-1.285949842,1.239897556,2.177302919,-1.488039824,0.008369487
ASref,131,AguaSalud,11,DaRe|PaQu,2,8,6.249056398,1.898449454,3.237031182,99.46,327,Humid,1,0.558006878,0.00889009,0.654858299,0.029421312,0.894038279,0.010395876,11,-0.979285682,0.362113829,-1.4775423,-0.957359726,0.367970135,-1.810144679,0.006500373
ASref,132,AguaSalud,11,DaRe|PaQu,2,26,11.18130812,1.824471111,4.270200573,3.35,371,Humid,1,0.675987423,0.009831,0.92815426,0.033554972,0.874638661,0.010023315,11,-0.042990972,0.049507661,-0.292266037,0.0418053,0.095154283,-0.161457217,0.008954807
ASref,133,AguaSalud,11,DaRe|PaQu,2,23,9.975743512,1.681375816,3.304184945,73.61,414,Humid,1,0.566470977,0.008917265,0.87339775,0.033773786,0.834915494,0.0105903,11,-0.918428563,-0.555162165,-0.581976943,-0.885678146,-0.463470627,-0.491781792,0.007933619
ASref,134,AguaSalud,11,DaRe|PaQu,2,17,9.61749067,1.837290334,3.962675018,5.34,418,Humid,1,0.643130656,0.009376525,0.854809947,0.03279589,0.878684246,0.009834243,11,-0.321681527,0.103677138,-0.668069181,-0.23645526,0.152047137,-0.60391472,0.008296684
ASref,135,AguaSalud,12,DaRe|TeAm,2,22.5,17.34607902,1.577269853,3.667568755,6.82,195,Humid,1,0.609765528,0.009137183,1.148842276,0.033545424,0.804432651,0.009532537,11,-0.589117279,-0.99507694,1.189198621,-0.519021074,-0.892149329,1.169867121,0.009944277
ASref,136,AguaSalud,12,DaRe|TeAm,2,24,15.63979934,1.58898558,3.5730859,6.07,217,Humid,1,0.599101394,0.009115966,1.09678274,0.032515109,0.807585175,0.009656948,11,-0.67474099,-0.945570445,0.779160181,-0.609334526,-0.847815543,0.85581234,0.009541928
ASref,137,AguaSalud,12,DaRe|TeAm,2,17,6.397743992,1.934879649,3.404192417,21.09,222,Humid,1,0.57912206,0.008713256,0.665558941,0.028502918,0.904215606,0.010141751,11,-0.827798248,0.516054877,-1.441810977,-0.778537434,0.511093388,-1.745591895,0.006704281
ASref,138,AguaSalud,12,DaRe|TeAm,2,24,16.61349809,1.551923931,3.438642622,6.14,230,Humid,1,0.58276276,0.009126932,1.126735693,0.032605293,0.796629412,0.009909472,11,-0.796578252,-1.102179793,1.01315108,-0.747704722,-1.001885881,1.036506768,0.009630419
ASref,139,AguaSalud,12,DaRe|TeAm,2,22,15.7744066,1.642547319,3.930810712,4.31,251,Humid,1,0.640055509,0.009822388,1.100492717,0.032135329,0.82352641,0.010016465,11,-0.35055809,-0.719237584,0.811507839,-0.262498361,-0.62363475,0.878193177,0.009819994
ASref,140,AguaSalud,12,DaRe|TeAm,2,18,13.51356646,1.620074236,3.512083431,11.49,286,Humid,1,0.591312695,0.009362572,1.024746005,0.032215363,0.816985072,0.009860174,11,-0.730023588,-0.814200841,0.268202204,-0.675296209,-0.715625253,0.421242935,0.00905001
ASref,141,AguaSalud,12,DaRe|TeAm,2,24,15.39305927,1.66373172,4.021826394,6.11,311,Humid,1,0.649184841,0.009504892,1.089231993,0.032309039,0.830049579,0.00969747,11,-0.268076454,-0.62971984,0.719865732,-0.185182992,-0.53189975,0.81026164,0.009819465
ASref,142,AguaSalud,12,DaRe|TeAm,2,32,16.58232091,1.966117963,6.676589237,3.64,334,Humid,1,0.888301049,0.010347489,1.124287433,0.032833784,0.912425879,0.009793801,11,2.137763699,0.648056882,1.005658849,1.83986743,0.626554046,1.021737375,0.011458655
ASref,143,AguaSalud,12,DaRe|TeAm,2,26,18.95216673,1.845507941,6.06584461,5.5,344,Humid,1,0.840832318,0.010442524,1.19061701,0.032490589,0.881009808,0.009972692,11,1.584285278,0.138401823,1.57515979,1.437859657,0.184751407,1.421877728,0.011595664
ASref,144,AguaSalud,12,DaRe|TeAm,2,24,17.67549804,1.48231693,3.097229694,9.11,373,Humid,1,0.540346958,0.008865958,1.157843591,0.032683201,0.7740195,0.009797559,11,-1.105978744,-1.396314224,1.268361763,-1.106919761,-1.319847952,1.22416853,0.009533616
ASref,145,AguaSalud,12,DaRe|TeAm,2,24,18.33422975,1.600825572,3.929974142,7.63,380,Humid,1,0.640159625,0.009765025,1.174455762,0.032080953,0.811000608,0.010002674,11,-0.351316219,-0.895538849,1.426662496,-0.261616613,-0.799784482,1.324383248,0.01027375
ASref,146,AguaSalud,12,DaRe|TeAm,2,18,11.16728067,1.812301764,4.198625739,1.48,393,Humid,1,0.668344194,0.009332596,0.928438385,0.032942542,0.871476313,0.010148356,11,-0.107854623,-0.001915672,-0.295636993,-0.022924417,0.050682342,-0.159743204,0.008915572
ASref,147,AguaSalud,12,DaRe|TeAm,2,28,17.1218791,1.740786095,4.828396625,3.42,407,Humid,1,0.731502088,0.01023598,1.142845288,0.0324282,0.852027433,0.009821034,11,0.462866068,-0.304115455,1.135320827,0.511953255,-0.222826289,1.133689646,0.010657924
ASref,148,AguaSalud,13,DaRe|TaRo,2,25,10.35603757,1.953262274,4.791192005,19.455,178,Humid,1,0.728567765,0.010262345,0.890201525,0.031609293,0.908919581,0.010278748,11,0.429149923,0.593733312,-0.490587949,0.487102778,0.577245147,-0.390411201,0.009027682
ASref,149,AguaSalud,13,DaRe|TaRo,2,20,10.7199524,1.825110334,4.170479011,4.86,193,Humid,1,0.665786,0.009472647,0.909438953,0.032002795,0.875115021,0.009742723,11,-0.133362185,0.05220879,-0.403135071,-0.044589495,0.10185331,-0.274359334,0.008780439
ASref,150,AguaSalud,13,DaRe|TaRo,2,23,9.863011061,1.887844721,4.281828355,19.15,238,Humid,1,0.677342767,0.009722861,0.869005644,0.030614753,0.891702261,0.010473733,11,-0.032453464,0.317301998,-0.609067834,0.053283567,0.335118838,-0.518277644,0.008596865
ASref,151,AguaSalud,13,DaRe|TaRo,2,25,9.657882967,2.052078239,5.104878264,12.67,252,Humid,1,0.7586471,0.010203299,0.859228921,0.031719343,0.932929635,0.010262661,11,0.713423526,1.011294437,-0.658362452,0.741841552,0.914897343,-0.577256782,0.009013235
ASref,152,AguaSalud,13,DaRe|TaRo,2,29,13.80981316,1.881947148,5.259551128,1.41,279,Humid,1,0.772164998,0.010021431,1.0353902,0.032187371,0.890368142,0.010296458,11,0.853593556,0.292380952,0.33939366,0.856323229,0.316357194,0.485455196,0.010222999
ASref,153,AguaSalud,13,DaRe|TaRo,2,14,10.30347556,2.007919971,5.083353436,2.9,283,Humid,1,0.756666549,0.010260599,0.889380665,0.032593664,0.922545919,0.009894806,11,0.693916964,0.824697301,-0.503219199,0.72506847,0.768871655,-0.395363126,0.009195091
ASref,154,AguaSalud,13,DaRe|TaRo,2,15,9.355001346,1.963124324,4.518614047,5.96,312,Humid,1,0.701841417,0.00981021,0.842820635,0.032936557,0.911253185,0.010184722,11,0.18213012,0.635406828,-0.731148355,0.260760098,0.610062504,-0.676241545,0.008575652
ASref,155,AguaSalud,13,DaRe|TaRo,2,31,10.37507216,2.064257213,5.449546394,5.35,338,Humid,1,0.789473291,0.010733847,0.891617597,0.033172211,0.936651157,0.01075673,11,1.025773998,1.06275845,-0.486013721,1.002905374,0.967232916,-0.381868591,0.0094014
ASref,156,AguaSalud,13,DaRe|TaRo,2,26,8.438531582,2.154395833,5.139482569,0.55,350,Humid,1,0.761569138,0.010304699,0.793382391,0.03181495,0.956943569,0.01012688,11,0.744783173,1.443652201,-0.951386477,0.766587993,1.252604095,-0.974483101,0.008601365
ASref,157,AguaSalud,13,DaRe|TaRo,2,21,9.134626097,1.697406423,3.223316006,94.15,352,Humid,1,0.556495957,0.008880266,0.831089769,0.032634301,0.839326403,0.009895094,11,-0.991714861,-0.487422521,-0.784107037,-0.970155559,-0.401440238,-0.747009265,0.007601069
ASref,158,AguaSalud,13,DaRe|TaRo,2,31,11.72423646,1.859689508,4.605430879,5.11,360,Humid,1,0.711023124,0.010057093,0.954721119,0.032805812,0.884256448,0.01022975,11,0.260806609,0.198328081,-0.161794174,0.338519024,0.230408737,-0.001189766,0.009342684
ASref,159,AguaSalud,13,DaRe|TaRo,2,15,5.828897653,1.843476249,2.939498741,70.62,375,Humid,1,0.520663719,0.008540009,0.624258439,0.027873756,0.88034767,0.010056742,11,-1.248920123,0.129816615,-1.578511231,-1.273615074,0.175439791,-1.994741648,0.006073857
ASref,160,AguaSalud,13,DaRe|TaRo,2,18,7.553747205,1.865883351,3.529720291,49.83,405,Humid,1,0.593585568,0.008822903,0.740004464,0.030172221,0.886541443,0.010016755,11,-0.714040441,0.224501059,-1.164010239,-0.656047485,0.262542512,-1.296491224,0.007265791
ASref,161,AguaSalud,14,PaQu|TeAm,2,26.5,17.71210427,1.776156437,5.187252809,4.42,179,Humid,1,0.765926137,0.010226796,1.156823197,0.032148286,0.862108265,0.010263891,11,0.788074257,-0.154652969,1.277158657,0.803486962,-0.081060055,1.21801289,0.010954092
ASref,162,AguaSalud,14,PaQu|TeAm,2,23.5,19.38616109,1.706751373,4.876225862,4.695,190,Humid,1,0.736150171,0.009770948,1.201412248,0.031545103,0.842326819,0.009769764,11,0.506210617,-0.447934086,1.679453577,0.551317387,-0.359245532,1.487001168,0.011038968
ASref,163,AguaSalud,14,PaQu|TeAm,2,24.5,17.60118199,1.650107485,4.23018736,3.955,191,Humid,1,0.672032897,0.009695078,1.155230248,0.030931817,0.825584471,0.010212674,11,-0.079252364,-0.687291012,1.25050277,0.008314833,-0.594692343,1.208403254,0.010341852
ASref,164,AguaSalud,14,PaQu|TeAm,2,22,16.43207247,1.764788741,4.900741325,6.095,198,Humid,1,0.738686687,0.010452442,1.121483968,0.033130825,0.858196578,0.009669898,11,0.528427399,-0.202688809,0.969552437,0.572798881,-0.136069906,1.00482517,0.010557019
ASref,165,AguaSalud,14,PaQu|TeAm,2,18,11.80690099,1.585545236,3.120166982,7.74,246,Humid,1,0.543740177,0.008875368,0.957865445,0.03259526,0.806468269,0.009810456,11,-1.085192161,-0.960108115,-0.141928945,-1.07818294,-0.863522531,0.01777872,0.008318416
ASref,166,AguaSalud,14,PaQu|TeAm,2,34,21.84631362,1.883233625,7.04390358,5.9,278,Humid,1,0.914238918,0.010768777,1.257619046,0.030410143,0.89029949,0.010293923,11,2.470636972,0.297817147,2.270656249,2.05953256,0.315391738,1.826074762,0.01241595
ASref,167,AguaSalud,14,PaQu|TeAm,2,20,13.18724299,1.691207337,3.877722425,3.22,288,Humid,1,0.633510199,0.009651365,1.013596288,0.03286321,0.837640106,0.010068614,11,-0.398668577,-0.513617654,0.189782958,-0.317929915,-0.425154551,0.353981061,0.009246112
ASref,168,AguaSalud,14,PaQu|TeAm,2,26,19.16335558,1.741064549,5.141931568,5.29,309,Humid,1,0.761740339,0.010209696,1.197749931,0.031543914,0.8519212,0.010073339,11,0.747002543,-0.302938807,1.625910876,0.76803787,-0.224320233,1.464907845,0.011168147
ASref,169,AguaSalud,14,PaQu|TeAm,2,32,21.15884128,1.737277067,5.396278166,8.97,336,Humid,1,0.784518552,0.010859572,1.243372973,0.030774756,0.851742453,0.009832658,11,0.977500442,-0.318943359,2.105448816,0.960944207,-0.226833945,1.740133783,0.011590394
ASref,170,AguaSalud,14,PaQu|TeAm,2,27,17.87215688,1.551268498,3.546476408,10.19,359,Humid,1,0.596170579,0.008958126,1.163316767,0.032961642,0.795795646,0.009675279,11,-0.698855454,-1.104949419,1.315621122,-0.634155294,-1.013611102,1.257186058,0.009929591
ASref,171,AguaSalud,14,PaQu|TeAm,2,23,16.52342903,1.857845818,5.682150801,5.71,383,Humid,1,0.809262461,0.00998897,1.124762786,0.031602348,0.883863561,0.010150351,11,1.236568353,0.190537303,0.991506459,1.170497808,0.224883594,1.02460499,0.011000332
ASref,172,AguaSalud,14,PaQu|TeAm,2,20,12.12619194,1.999351955,5.63416201,2.96,395,Humid,1,0.805673502,0.010360274,0.969645578,0.032366192,0.920658599,0.010284402,11,1.19307921,0.788491913,-0.065199694,1.14010329,0.742330371,0.088843649,0.009998343
ASref,173,AguaSalud,14,PaQu|TeAm,2,19,14.49348524,1.611540577,3.581795303,19.21,416,Humid,1,0.599713396,0.009192107,1.061622044,0.033141218,0.814152165,0.009886493,11,-0.66684822,-0.850261049,0.503687847,-0.604151544,-0.755464292,0.643701633,0.009333543
ASref,174,AguaSalud,15,PaQu|TaRo,2,25.5,9.388768982,2.37379092,6.858971918,3.52,200,Humid,1,0.90148496,0.010326381,0.844441764,0.030666447,1.006231093,0.010175788,11,2.303045347,2.370737813,-0.723033607,1.951520612,1.945732082,-0.666461908,0.009770996
ASref,175,AguaSalud,15,PaQu|TaRo,2,23,12.50785709,1.698876341,3.814791424,80.6,218,Humid,1,0.626837428,0.009556089,0.988278473,0.032561867,0.840377609,0.009731541,11,-0.455698879,-0.48121117,0.026518789,-0.374440917,-0.386657182,0.201248604,0.009053385
ASref,176,AguaSalud,15,PaQu|TaRo,2,14,8.507329177,1.563753998,2.604357769,73.14,227,Humid,1,0.474948066,0.007728929,0.79801956,0.030449251,0.800006142,0.009820472,11,-1.552636746,-1.052190137,-0.934853631,-1.660776214,-0.954399101,-0.946508878,0.006858337
ASref,177,AguaSalud,15,PaQu|TaRo,2,22,6.375628945,2.410703757,5.104049507,1.57,232,Humid,1,0.758420361,0.010772577,0.663913275,0.030109848,1.014224085,0.01016436,11,0.712672477,2.526718334,-1.447125475,0.739921323,2.05813712,-1.755519558,0.007761335
ASref,178,AguaSalud,15,PaQu|TaRo,2,30,12.67718676,1.85715756,4.817515804,41.55,261,Humid,1,0.731332208,0.010193737,0.992087036,0.032889769,0.883098391,0.010478645,11,0.453005483,0.18762897,0.067210637,0.510514562,0.214123036,0.22422417,0.009691854
ASref,179,AguaSalud,15,PaQu|TaRo,2,24,10.09653173,1.934179661,4.596588528,47.03,274,Humid,1,0.709547057,0.01010656,0.880185431,0.031020415,0.90380855,0.010161074,11,0.252793357,0.513096976,-0.552950158,0.32601837,0.505368974,-0.450834371,0.008861073
ASref,180,AguaSalud,15,PaQu|TaRo,2,12,6.863104602,1.967779483,3.683372227,36.38,292,Humid,1,0.61194925,0.009591525,0.695819828,0.029605656,0.912163241,0.009968789,11,-0.574795612,0.655077874,-1.329979523,-0.500527356,0.622860571,-1.563039825,0.007089098
ASref,181,AguaSalud,15,PaQu|TaRo,2,19,8.729201666,1.995512414,4.468071517,98.15,298,Humid,1,0.696793374,0.009850447,0.807572004,0.031050255,0.919418631,0.010484126,11,0.136326688,0.772267378,-0.881535145,0.218008744,0.724892769,-0.888882726,0.008312607
ASref,182,AguaSalud,15,PaQu|TaRo,2,16,7.576660203,2.045748107,4.260868739,2.55,315,Humid,1,0.675269332,0.010108389,0.741863398,0.030953518,0.931626514,0.010138434,11,-0.051447811,0.984545551,-1.158503985,0.035723867,0.896571618,-1.285277002,0.007767988
ASref,183,AguaSalud,15,PaQu|TaRo,2,24,7.888927867,2.143364864,4.829096066,5.88,341,Humid,1,0.732115752,0.009856614,0.761110252,0.030268046,0.955320651,0.010167491,11,0.463499926,1.397039249,-1.083462509,0.517150308,1.229781076,-1.169168272,0.008233347
ASref,184,AguaSalud,15,PaQu|TaRo,2,20,8.532937489,2.0190875,4.510579904,0.48,368,Humid,1,0.700938501,0.010434516,0.79822438,0.031335434,0.925695876,0.010316356,11,0.174849295,0.871887307,-0.928699662,0.253113401,0.813169339,-0.94527328,0.008289207
ASref,185,AguaSalud,15,PaQu|TaRo,2,20,10.02426913,1.509334978,2.582869793,99.75,391,Humid,1,0.471976393,0.008206324,0.876889653,0.031516915,0.783405984,0.009835666,11,-1.572109911,-1.282145562,-0.570315684,-1.685943001,-1.18784629,-0.47071651,0.007334006
ASref,186,AguaSalud,15,PaQu|TaRo,2,20,7.178137822,1.677304168,2.771525586,95.59,410,Humid,1,0.498360104,0.008130754,0.716351856,0.030536656,0.833416857,0.009732412,11,-1.401143347,-0.572367502,-1.254273452,-1.462502086,-0.484545889,-1.439178142,0.006491931
ASref,187,AguaSalud,16,TeAm|TaRo,2,24,16.54921045,1.672293154,4.258339855,3.585,196,Humid,1,0.675005615,0.009793835,1.126402413,0.032147136,0.832493555,0.009788495,11,-0.053739575,-0.593542265,0.997702028,0.033490473,-0.49753023,1.034496217,0.010193347
ASref,188,AguaSalud,16,TeAm|TaRo,2,19.5,15.27340613,1.595619113,3.561458534,5.415,208,Humid,1,0.596819602,0.009080663,1.087810293,0.032245242,0.808866246,0.010249599,11,-0.685278121,-0.917539493,0.69111172,-0.62865878,-0.829799898,0.801685082,0.009483341
ASref,189,AguaSalud,16,TeAm|TaRo,2,22,17.13121858,1.562989935,3.55639991,6.71,213,Humid,1,0.597442596,0.00909352,1.142095861,0.032432173,0.79933669,0.009797377,11,-0.689862425,-1.055418795,1.13756521,-0.623382715,-0.963813567,1.129168646,0.009804746
ASref,190,AguaSalud,16,TeAm|TaRo,2,27,18.67845973,1.521810776,3.418513417,8.69,225,Humid,1,0.580393001,0.008865571,1.185614487,0.032342217,0.786543719,0.00995632,11,-0.814820051,-1.229427276,1.50938488,-0.767773968,-1.143720485,1.391699466,0.009967609
ASref,191,AguaSalud,16,TeAm|TaRo,2,19,14.28162818,1.648950251,3.78049989,9.43,289,Humid,1,0.622339074,0.009038043,1.050978624,0.032116872,0.82567037,0.010067445,11,-0.486775083,-0.692181071,0.452776183,-0.412537017,-0.593484351,0.579494053,0.00940984
ASref,192,AguaSalud,16,TeAm|TaRo,2,18,11.94339401,1.581791509,3.118355527,6.19,316,Humid,1,0.543247435,0.008614513,0.963146132,0.032075317,0.805841933,0.009923865,11,-1.086833766,-0.97597003,-0.109128118,-1.082355923,-0.872330668,0.049635038,0.008355852
ASref,193,AguaSalud,16,TeAm|TaRo,2,25,12.57841139,1.724451946,3.97371127,5.84,330,Humid,1,0.644259402,0.009388634,0.989483079,0.034369052,0.847345598,0.010040936,11,-0.311680084,-0.373137759,0.04347379,-0.226896025,-0.288666693,0.208515518,0.009162002
ASref,194,AguaSalud,16,TeAm|TaRo,2,21,14.99126408,1.757709148,4.604538519,4.71,355,Humid,1,0.710303838,0.010116124,1.077687518,0.032102157,0.856162365,0.009964475,11,0.259997921,-0.232604651,0.623309772,0.33242747,-0.164676949,0.740618346,0.010113572
ASref,195,AguaSalud,16,TeAm|TaRo,2,28,19.14510508,1.563168114,3.73864236,5.13,361,Humid,1,0.617876686,0.009045547,1.194367129,0.032510348,0.800292375,0.010186839,11,-0.524707859,-1.054665874,1.621525072,-0.450328522,-0.950373816,1.444500724,0.010269388
ASref,196,AguaSalud,16,TeAm|TaRo,2,21,13.4631997,1.661720232,3.744913066,5.81,376,Humid,1,0.618240114,0.009353449,1.022541233,0.033070591,0.828875209,0.010133705,11,-0.519025123,-0.638219673,0.256098498,-0.447250687,-0.54841485,0.407942411,0.009201337
ASref,197,AguaSalud,16,TeAm|TaRo,2,17,10.32337776,2.024770754,5.190475893,5.43,394,Humid,1,0.765682986,0.010428507,0.88916321,0.0324415,0.92678084,0.010302798,11,0.79099513,0.895902717,-0.498436474,0.801427743,0.828427146,-0.396674943,0.009247603
ASref,198,AguaSalud,16,TeAm|TaRo,2,20,11.19433714,1.939360786,4.952368112,2.31,404,Humid,1,0.744491825,0.010377894,0.931008077,0.032915916,0.905221344,0.010548516,11,0.575213422,0.534990568,-0.289135015,0.621961993,0.525237022,-0.144241255,0.009391722
BFref,199,BEF-China,246,ScSu,1,18,12.34550987,1.67756603,3.670165049,7.72,875,Humid,0,0.68829359,0.012663172,1.005413362,0.042188257,0.860785864,0.015657096,5,-1.063057771,-0.93533689,1.012468029,-1.369348049,-1.406816327,1.022564577,0.009501441
BFref,200,BEF-China,246,ScSu,1,28,15.48344736,1.746959793,4.611049883,19.03,971,Humid,0,0.794151962,0.013424429,1.119159906,0.042186575,0.880969613,0.016162898,5,-0.630116088,-0.852482665,1.918400913,-0.676692496,-1.240467769,1.619481742,0.010899084
BFref,201,BEF-China,283,AiAl,1,11,4.142535178,2.664570049,4.026681189,99.79,912,Humid,0,0.73115455,0.013260583,0.507391282,0.032821658,1.090977989,0.015566987,5,-0.899009322,0.243118479,-1.35575777,-1.088898979,0.490359918,-1.590947171,0.006520072
BFref,202,BEF-China,283,AiAl,1,19,6.215617165,2.358675812,4.796109951,80.71,949,Humid,0,0.813708584,0.013575097,0.675462125,0.039104471,1.0309097,0.015462849,5,-0.544961971,-0.122110739,-0.757252175,-0.548729041,-0.00470537,-0.708947878,0.008065214
BFref,203,BEF-China,284,AiAl|AlFo|BeLu|CaFa|CeBi|ElCh|ElGl|ElJa|IdPo|MaGr|MaLe|MaTh|MaYu|MeFl|PhBo|QuPh,16,13,5.913033517,2.625439315,5.558896308,52.84,899,Humid,4,0.885434464,0.013941177,0.654498557,0.038165915,1.083799304,0.015572523,5,-0.193971078,0.19639747,-0.844609071,-0.079410187,0.431195294,-0.818960131,0.008338734
BFref,204,BEF-China,284,AiAl|AlFo|BeLu|CaFa|CeBi|ElCh|ElGl|ElJa|IdPo|MaGr|MaLe|MaTh|MaYu|MeFl|PhBo|QuPh,16,16,9.161704223,2.572534631,8.108926103,0.38,923,Humid,4,1.073323425,0.014231714,0.859523306,0.042841634,1.0727941,0.015839784,5,0.979407587,0.133230748,0.093292857,1.149990284,0.340493618,0.256965239,0.0108069
BFref,205,BEF-China,285,AiAl|CeBi|ElGl|ElJa|IdPo|MaGr|MeFl|PhBo,8,17,8.311846758,2.050966929,4.577508686,64.94,890,Humid,3,0.790673627,0.013785149,0.810187347,0.041649822,0.961276211,0.01538779,5,-0.64554984,-0.489506593,-0.152063791,-0.699452038,-0.578604245,-0.001939162,0.008835158
BFref,206,BEF-China,285,AiAl|CeBi|ElGl|ElJa|IdPo|MaGr|MeFl|PhBo,8,9,5.733315709,2.251690559,4.126518983,80.68,931,Humid,3,0.742305951,0.013510432,0.641819711,0.038558974,1.007858075,0.015763833,5,-0.853069648,-0.249848158,-0.896494194,-1.01593281,-0.194690133,-0.885495962,0.007442041
BFref,207,BEF-China,286,AiAl|IdPo|MaGr|MeFl,4,19,6.061675179,2.359602121,4.697321981,69,901,Humid,2,0.803493866,0.01304414,0.666274475,0.03898194,1.030337637,0.015584011,5,-0.590418576,-0.121004752,-0.801695734,-0.615566278,-0.009420151,-0.75716267,0.007949787
BFref,208,BEF-China,286,AiAl|IdPo|MaGr|MeFl,4,30,8.893692647,2.244090795,5.849833436,19.81,937,Humid,2,0.910446863,0.014037444,0.844569768,0.043077518,1.005631961,0.01624391,5,-0.06009836,-0.258922065,0.015917033,0.08425166,-0.213037115,0.178492316,0.009764933
BFref,209,BEF-China,287,AiAl|MeFl,2,12,6.216199797,2.874462259,6.884235621,1.96,908,Humid,1,0.991669074,0.013893001,0.677239166,0.037572641,1.127896486,0.015230611,5,0.415874688,0.493723945,-0.757083968,0.615707176,0.794631384,-0.699622355,0.009086445
BFref,210,BEF-China,287,AiAl|MeFl,2,21,10.11022723,2.129405628,5.747002657,24.82,950,Humid,1,0.902947137,0.013939787,0.909378251,0.044234349,0.979798353,0.016411655,5,-0.107415235,-0.395852967,0.367134572,0.035179237,-0.425950163,0.518593165,0.010165336
BFref,211,BEF-China,288,AlFo,1,15,9.072610309,2.290348387,6.21836908,12.09,896,Humid,0,0.941872387,0.01411326,0.855818606,0.041469368,1.015059561,0.015033052,5,0.109480781,-0.203691785,0.067571151,0.28987606,-0.135337589,0.237523773,0.010015452
BFref,212,BEF-China,288,AlFo,1,24,15.41017306,1.929801556,6.037888156,1.09,920,Humid,0,0.926108428,0.014382351,1.117463607,0.040666176,0.930962676,0.015771837,5,0.026433726,-0.634174681,1.897246382,0.186728868,-0.828439545,1.610579932,0.011690055
BFref,213,BEF-China,289,AlFo|BeLu|CaFa|ElCh|MaLe|MaTh|MaYu|QuPh,8,10,7.054151287,2.181335237,4.589164485,6.03,900,Humid,3,0.792737467,0.013445697,0.733113559,0.040883923,0.992713478,0.015156207,5,-0.640186504,-0.333850457,-0.515164614,-0.685947859,-0.319507478,-0.40640567,0.008335342
BFref,214,BEF-China,289,AlFo|BeLu|CaFa|ElCh|MaLe|MaTh|MaYu|QuPh,8,12,7.004850719,2.285838071,4.99941197,3.18,919,Humid,3,0.832730482,0.013662349,0.731666025,0.041804872,1.015736653,0.015688872,5,-0.451413946,-0.209076977,-0.52939785,-0.424264405,-0.129757194,-0.414002017,0.008569929
BFref,215,BEF-China,290,AlFo|ElCh|MaLe|MaTh,4,11,4.680180413,2.70816601,4.65332757,15.84,894,Humid,2,0.799111406,0.013473739,0.556399717,0.034027358,1.099385238,0.015634559,5,-0.610662302,0.295170845,-1.200537821,-0.644241715,0.559650003,-1.333761546,0.00722137
BFref,216,BEF-China,290,AlFo|ElCh|MaLe|MaTh,4,13,8.199712063,2.278137228,5.654360376,8.48,930,Humid,2,0.894000989,0.014067873,0.805479753,0.041058718,1.011960436,0.015826814,5,-0.150043944,-0.21827157,-0.184437446,-0.023357456,-0.160879667,-0.026643595,0.009389043
BFref,217,BEF-China,291,AlFo|MaLe,2,36,12.09637851,2.486047134,9.682058372,-0.38,905,Humid,1,1.160836956,0.014076134,0.99738853,0.043052363,1.057155218,0.015624699,5,1.703273577,0.02996708,0.940542985,1.722611348,0.211602519,0.980451999,0.012303752
BFref,218,BEF-China,291,AlFo|MaLe,2,20,9.128720514,2.508266994,7.641618318,0.64,935,Humid,1,1.044570782,0.014066237,0.857635206,0.041738868,1.061452637,0.015643704,5,0.764379125,0.056496975,0.083770352,0.961855162,0.247020594,0.247056898,0.010635564
BFref,219,BEF-China,293,BeLu,1,12,3.778619615,8.116876151,16.1772288,0.12,913,Humid,0,1.396704776,0.012338588,0.473910151,0.031817835,1.570366808,0.010769671,5,4.69198156,6.753020438,-1.460821391,3.265948476,4.44134251,-1.766648879,0.009766409
BFref,220,BEF-China,293,BeLu,1,14,6.19430808,1.770673207,2.834737589,89.46,936,Humid,0,0.577219631,0.011450091,0.673358409,0.037954536,0.88842521,0.015967658,5,-1.447473969,-0.824169508,-0.763404178,-2.096130388,-1.179020915,-0.719987724,0.006629645
BFref,221,BEF-China,294,BeLu|CaFa,2,25,13.2589403,1.896875398,5.231655395,5.6,888,Humid,1,0.856676705,0.013332243,1.042369887,0.043146034,0.922063575,0.015723017,5,-0.344548732,-0.673487599,1.276178402,-0.267578789,-0.901783336,1.216504397,0.010769503
BFref,222,BEF-China,294,BeLu|CaFa,2,15,11.38102707,1.926752285,4.928124189,5.01,932,Humid,1,0.826815701,0.013562061,0.964803512,0.043982215,0.929484834,0.016244164,5,-0.484216528,-0.637815426,0.73401867,-0.462966173,-0.84061949,0.809452898,0.010072269
BFref,223,BEF-China,295,BeLu|CaFa|MaYu|QuPh,4,23,6.791648343,2.87798151,7.576558408,3.71,914,Humid,2,1.040260753,0.013779578,0.714885984,0.041182937,1.129214317,0.015278982,5,0.734442255,0.497925832,-0.590950078,0.933653654,0.805492561,-0.502060026,0.009606083
BFref,224,BEF-China,295,BeLu|CaFa|MaYu|QuPh,4,20,9.28965306,2.316362787,6.503060951,2.14,921,Humid,2,0.964034623,0.014040367,0.864897186,0.042151479,1.021353961,0.015597557,5,0.240479787,-0.172631315,0.130232108,0.434888638,-0.083460977,0.285166194,0.010203162
BFref,225,BEF-China,296,CeBi,1,13,4.217017469,4.568871931,8.903272415,6.82,910,Humid,0,1.119451057,0.014142576,0.514780863,0.032247359,1.346123649,0.013667061,5,1.344920577,2.516802003,-1.334254487,1.451813936,2.593195907,-1.552168257,0.008687334
BFref,226,BEF-China,296,CeBi,1,20,9.740158076,2.139695158,5.648926814,26.74,925,Humid,0,0.894691651,0.01351834,0.888142248,0.042470811,0.981314201,0.015856085,5,-0.15254416,-0.383567554,0.260294389,-0.018838295,-0.413456985,0.407151232,0.009947875
BFref,227,BEF-China,297,CeBi|ElGl,2,12,7.5112686,1.862517723,3.504545123,0.77,893,Humid,1,0.667038697,0.012578636,0.763022841,0.041968021,0.912891753,0.015799168,5,-1.139266641,-0.714509708,-0.383193341,-1.508423679,-0.977374814,-0.249448251,0.007781822
BFref,228,BEF-China,297,CeBi|ElGl,2,16,6.641544164,1.957498889,3.566904438,2.07,933,Humid,1,0.675335527,0.012666001,0.709044182,0.03961483,0.937955714,0.015752458,5,-1.110572431,-0.601104836,-0.634285649,-1.454135621,-0.77080497,-0.532716534,0.007489814
BFref,229,BEF-China,298,CeBi|ElGl|ElJa|PhBo,4,17,9.430797942,2.145466265,5.545341259,4.62,892,Humid,2,0.884222152,0.013990819,0.873333823,0.040449362,0.984388001,0.015785821,5,-0.20020834,-0.376677013,0.1709811,-0.087342628,-0.388123624,0.329439829,0.009821761
BFref,230,BEF-China,298,CeBi|ElGl|ElJa|PhBo,4,13,8.414639565,2.38285976,6.356376095,3.34,929,Humid,2,0.952041345,0.014366022,0.817034621,0.041957421,1.03562229,0.014883964,5,0.172983759,-0.093235777,-0.122387169,0.356413877,0.034134416,0.03399384,0.009813501
BFref,231,BEF-China,299,CaEy,1,23,4.303191212,3.32338768,5.769960419,0.46,861,Humid,0,0.903635832,0.014047507,0.521962308,0.034453043,1.199808523,0.016289587,5,-0.096851379,1.029728421,-1.309375844,0.039685529,1.387309384,-1.514481591,0.00758752
BFref,232,BEF-China,299,CaEy,1,22,13.51443211,2.066318386,6.617552356,100,966,Humid,0,0.972164448,0.014214871,1.051488237,0.042484271,0.965141672,0.015170417,5,0.293162219,-0.47117738,1.349939728,0.488083944,-0.546746245,1.264355514,0.011526393
BFref,233,BEF-China,300,ScSu|CyMy|KoBi|LiGl|QuFa|RhCh|CaEy,8,15,9.229145293,2.217719569,5.871259608,7.87,883,Humid,3,0.912148287,0.013755757,0.864163648,0.042889095,0.999936976,0.016360984,5,-0.050239254,-0.290408576,0.112763316,0.095384467,-0.259973519,0.281316741,0.009918164
BFref,234,BEF-China,300,ScSu|CyMy|KoBi|LiGl|QuFa|RhCh|CaEy,8,17,8.374015117,2.916409848,9.724454,4.29,968,Humid,3,1.163000213,0.013578917,0.818351296,0.041828425,1.136254169,0.015596997,5,1.722781634,0.5438082,-0.134115581,1.736766035,0.863512963,0.040903468,0.011085351
BFref,235,BEF-China,301,CyMy|CaEy,2,24,7.599123855,2.663905355,7.294006271,0.94,867,Humid,1,1.019687528,0.014512879,0.771225859,0.039722258,1.091331275,0.015681256,5,0.604427834,0.242324853,-0.357829239,0.799038333,0.493271595,-0.206400596,0.009914557
BFref,236,BEF-China,301,CyMy|CaEy,2,15,7.543422762,3.383830921,11.05750588,23.915,924,Humid,1,1.225476018,0.013449504,0.764613016,0.040668765,1.208082767,0.015562007,5,2.336176284,1.101895971,-0.373910328,2.145559524,1.455503286,-0.241103361,0.011214319
BFref,237,BEF-China,302,CyMy|KoBi|LiGl|CaEy,4,26,13.10469113,1.94177675,5.514780382,0.09,884,Humid,2,0.881764685,0.013678931,1.036006957,0.042239356,0.933079233,0.015900003,5,-0.214270717,-0.619876633,1.231646158,-0.103422394,-0.810995499,1.183113122,0.01086988
BFref,238,BEF-China,302,CyMy|KoBi|LiGl|CaEy,4,16,6.470796484,2.450419698,5.331242402,4.08,952,Humid,2,0.86480017,0.014306133,0.694665156,0.0394452,1.050246567,0.015649761,5,-0.298724456,-0.012571089,-0.683581066,-0.2144251,0.154663434,-0.608174542,0.008496815
BFref,239,BEF-China,303,CaFa,1,13,8.047280072,2.360504708,5.995698662,0.92,897,Humid,0,0.92311513,0.013841838,0.796441985,0.039987983,1.031292891,0.015819777,5,0.00702052,-0.119927088,-0.228445064,0.167143034,-0.001547228,-0.07407184,0.009514333
BFref,240,BEF-China,304,CyGl,1,15,5.739237995,2.84030841,6.196943382,0.97,882,Humid,0,0.940013254,0.014224742,0.641067541,0.036769704,1.122918354,0.015115973,5,0.099621894,0.452945198,-0.89478441,0.277711322,0.753603071,-0.88944319,0.008551938
BFref,241,BEF-China,304,CyGl,1,21,9.261755141,2.240503875,6.023268732,4.32,960,Humid,0,0.925436975,0.014030113,0.865753203,0.043060845,1.005969894,0.015390214,5,0.019706698,-0.263204747,0.122177887,0.182335395,-0.210251969,0.289658385,0.010014218
BFref,242,BEF-China,305,QuFa|CyGl,2,14,4.466703473,3.523537102,6.586220317,0.42,880,Humid,1,0.969785819,0.014847354,0.53799805,0.035103259,1.227111575,0.014935266,5,0.278744997,1.268701268,-1.262169316,0.472520033,1.612333166,-1.4303295,0.008052182
BFref,243,BEF-China,305,QuFa|CyGl,2,17,4.692774038,3.372279064,6.549110998,1.02,961,Humid,1,0.96719121,0.014525103,0.557840381,0.035105926,1.206396297,0.015134541,5,0.261669399,1.088103375,-1.196902,0.455542908,1.441603895,-1.326201254,0.008166847
BFref,244,BEF-China,306,ScSu|QuFa|RhCh|CyGl,4,16,9.440256576,2.198928549,5.864867389,7.51,863,Humid,2,0.91241081,0.013876692,0.873864826,0.042197096,0.995010474,0.015918395,5,-0.05318059,-0.312844531,0.173711839,0.097102217,-0.300576303,0.332226417,0.009965476
BFref,245,BEF-China,306,ScSu|QuFa|RhCh|CyGl,4,21,9.424618412,2.097879804,5.270581684,13.19,973,Humid,2,0.858837269,0.014078793,0.872223652,0.043195625,0.972073407,0.015606855,5,-0.326637068,-0.433493924,0.169197049,-0.253441728,-0.489616908,0.323613894,0.009650442
BFref,246,BEF-China,307,CaHe,1,30,15.74457955,1.482265556,2.959081365,95.64,849,Humid,0,0.594408491,0.011832572,1.128425084,0.045022278,0.800428617,0.01557967,5,-1.390258036,-1.168520228,1.993790636,-1.983659742,-1.904263123,1.668103386,0.009704548
BFref,247,BEF-China,307,CaHe,1,20,11.04042418,2.366660364,7.916098636,9.86,959,Humid,0,1.061480716,0.014512689,0.949221008,0.043056961,1.031853116,0.015784689,5,0.890679355,-0.112577406,0.635685494,1.07250073,0.003069985,0.727679303,0.011347427
BFref,248,BEF-China,308,ScSu|CyMy|KoBi|LiGl|QuFa|RhCh|CaEy|CyGl|CaHe|CaSc|ChAx|LiFo|NySi|QuSe|SaMu|SaSe,16,14,8.726212321,2.277033654,5.945394295,1.84,877,Humid,4,0.919149387,0.013851256,0.83509296,0.041330666,1.012022836,0.016481513,5,-0.016126688,-0.219589206,-0.032435088,0.141194266,-0.16036539,0.128760083,0.009735007
BFref,249,BEF-China,308,ScSu|CyMy|KoBi|LiGl|QuFa|RhCh|CaEy|CyGl|CaHe|CaSc|ChAx|LiFo|NySi|QuSe|SaMu|SaSe,16,29,12.5823644,2.257755296,7.863476382,0.22,980,Humid,4,1.058684331,0.014360339,1.015900197,0.043260085,1.008047232,0.015633238,5,0.866465587,-0.24260703,1.080848712,1.054203344,-0.193131151,1.077597208,0.011782454
BFref,250,BEF-China,309,CaHe|CaSc|ChAx|LiFo|NySi|QuSe|SaMu|SaSe,8,32,15.21767964,2.237940052,8.962881795,-0.4,868,Humid,3,1.123040332,0.014097401,1.11017174,0.042995692,1.003953745,0.015817291,5,1.372349424,-0.266265881,1.841672898,1.475299384,-0.226868477,1.572313799,0.012808057
BFref,251,BEF-China,309,CaHe|CaSc|ChAx|LiFo|NySi|QuSe|SaMu|SaSe,8,24,17.96205468,2.000305961,7.407048903,0.92,977,Humid,3,1.028054295,0.014466416,1.190160825,0.041192119,0.94816757,0.015863377,5,0.656443623,-0.549994381,2.633983007,0.853784009,-0.686641836,1.992079151,0.012749753
BFref,252,BEF-China,310,CaSc|LiFo|NySi|SaMu,4,18,10.85504724,2.257274891,6.968962753,0.18,878,Humid,2,0.997314636,0.013983118,0.943676624,0.043730086,1.008225262,0.016413579,5,0.454861295,-0.24318062,0.582166561,0.652647384,-0.191663886,0.698583576,0.010947309
BFref,253,BEF-China,310,CaSc|LiFo|NySi|SaMu,4,20,9.239763623,2.011652877,4.731023872,1.06,967,Humid,2,0.807038092,0.013545377,0.863308588,0.042651352,0.951147292,0.016218758,5,-0.574910883,-0.536446479,0.115828863,-0.592375597,-0.662083839,0.276829576,0.009286013
BFref,254,BEF-China,311,CaHe|NySi,2,28,11.69351177,2.187795733,6.856275447,1.79,881,Humid,1,0.989584704,0.014193598,0.981186256,0.042199026,0.993264766,0.016161722,5,0.403009007,-0.326136804,0.824234031,0.602068664,-0.314963922,0.895425981,0.011163909
BFref,255,BEF-China,311,CaHe|NySi,2,32,11.95107429,2.116284989,6.422309757,0.65,956,Humid,1,0.958070559,0.013778222,0.989129629,0.042278587,0.975770836,0.015997162,5,0.20332268,-0.411518645,0.898593179,0.395864403,-0.459143783,0.93711108,0.010997922
BFref,256,BEF-China,312,CyMy,1,23,9.814283114,2.200788269,6.058896345,3.36,873,Humid,0,0.928436343,0.013716073,0.891464103,0.042424528,0.995781864,0.015783468,5,0.036100499,-0.310624077,0.281694532,0.201960948,-0.29421873,0.424583602,0.010176398
BFref,257,BEF-China,312,CyMy,1,23,7.319175459,2.414424316,5.780821709,0.73,962,Humid,0,0.904294903,0.014425169,0.750518741,0.040079126,1.042375206,0.015733813,5,-0.091853631,-0.055548574,-0.438651263,0.043997978,0.089789977,-0.315067053,0.009090869
BFref,258,BEF-China,313,CaSc,1,14,6.33012281,2.603303205,5.844885215,2.8,860,Humid,0,0.910901792,0.013882087,0.684024807,0.038325152,1.081120938,0.015659419,5,-0.06237525,0.16996757,-0.724194019,0.087228368,0.409120981,-0.664012784,0.008686999
BFref,259,BEF-China,313,CaSc,1,22,4.517625107,2.826523903,4.791625802,53.84,958,Humid,0,0.812968161,0.013711821,0.540251893,0.03400416,1.120399509,0.01572818,5,-0.547025322,0.43648688,-1.247468073,-0.553573799,0.732843492,-1.418501823,0.007186085
BFref,260,BEF-China,314,CaSc|ChAx|QuSe|SaSe,4,27,14.99458305,1.866310077,5.416763305,2.72,855,Humid,2,0.873140823,0.013517369,1.101448782,0.041550261,0.914509461,0.015590132,5,-0.259372601,-0.709981743,1.777264178,-0.159850294,-0.964042138,1.526537609,0.011259139
BFref,261,BEF-China,314,CaSc|ChAx|QuSe|SaSe,4,14,10.84183071,2.196833031,6.525941025,1.25,970,Humid,2,0.965411362,0.014076933,0.94024967,0.045195439,0.99521712,0.015718702,5,0.251007895,-0.315346521,0.578350905,0.443896958,-0.298873185,0.680599666,0.01072541
BFref,262,BEF-China,315,CaSc|QuSe,2,16,5.17445452,2.617189992,4.861944284,0.2,871,Humid,1,0.820232485,0.013732477,0.597621373,0.036426842,1.081957973,0.016316619,5,-0.514668756,0.186548008,-1.057839259,-0.506041661,0.41601958,-1.117439244,0.007597311
BFref,263,BEF-China,315,CaSc|QuSe,2,25,8.899199031,2.256892492,5.92599221,2.96,963,Humid,1,0.917326826,0.014301479,0.844123725,0.044033024,1.008322562,0.016131892,5,-0.025054424,-0.243637194,0.017506744,0.129268832,-0.190861966,0.17615158,0.009793651
BFref,264,BEF-China,316,ChAx,1,19.5,11.77035229,2.08642377,5.638338658,2.135,869,Humid,0,0.892762121,0.013767817,0.981535631,0.043000604,0.969051407,0.016007141,5,-0.157416227,-0.447172111,0.846418142,-0.031463651,-0.514523352,0.897259425,0.010816129
BFref,265,BEF-China,316,ChAx,1,21,10.93522088,1.969404705,5.058782065,1.4,969,Humid,0,0.839855878,0.013889035,0.945437858,0.042702545,0.940846316,0.015701952,5,-0.424095206,-0.586889622,0.605312955,-0.377641312,-0.746981471,0.707826155,0.01002683
BFref,266,BEF-China,317,ChAx|SaSe,2,8,3.751734249,2.585005733,3.510460704,85.84,856,Humid,1,0.668606789,0.012419238,0.473184447,0.032251707,1.076035204,0.015496063,5,-1.136544627,0.148120897,-1.468583285,-1.498163292,0.367205851,-1.770457215,0.00597273
BFref,267,BEF-China,317,ChAx|SaSe,2,31,19.1085735,1.621334954,4.160575194,3.54,974,Humid,1,0.746327856,0.013534197,1.221254235,0.040996597,0.844956585,0.015117621,5,-0.837398917,-1.002475232,2.964986764,-0.989616565,-1.537276621,2.155250614,0.011266734
BFref,268,BEF-China,319,ElCh,1,22,10.27182833,2.20067756,6.279898694,12,904,Humid,0,0.945803796,0.014049048,0.915325319,0.044109577,0.99613073,0.015630223,5,0.13779321,-0.310756261,0.413789342,0.315600168,-0.291343484,0.549802084,0.01045353
BFref,269,BEF-China,319,ElCh,1,24,9.53416734,2.100507142,5.330929298,28.44,942,Humid,0,0.865311718,0.013638397,0.878770929,0.044745047,0.972672363,0.015699722,5,-0.298868529,-0.430356956,0.200824185,-0.211077923,-0.484680494,0.357972585,0.009730652
BFref,270,BEF-China,320,ElCh|MaTh,2,16,6.475067174,2.884173071,7.232708333,1,906,Humid,1,1.016980218,0.014200252,0.693603877,0.038762343,1.130158394,0.015479857,5,0.576222009,0.505318384,-0.682348104,0.781323785,0.813273372,-0.613743903,0.009330217
BFref,271,BEF-China,320,ElCh|MaTh,2,16,6.462155648,2.076708391,3.910307927,39.78,938,Humid,1,0.717186142,0.013255009,0.691444919,0.037317388,0.967140672,0.015872946,5,-0.952557678,-0.458772003,-0.686075704,-1.18029747,-0.530271075,-0.625073648,0.007599969
BFref,272,BEF-China,321,ElGl,1,5,3.30812446,2.769742307,3.383188741,21.59,917,Humid,0,0.651921983,0.012467504,0.428612056,0.029732441,1.109853084,0.016414815,5,-1.195107945,0.368691232,-1.596654891,-1.607335801,0.645922939,-2.004363449,0.005631629
BFref,273,BEF-China,321,ElGl,1,25,7.358171897,2.378322348,5.635927923,1.91,947,Humid,0,0.89285492,0.014372601,0.75217643,0.03967717,1.034954575,0.016016583,5,-0.15852551,-0.098653321,-0.427392863,-0.030856447,0.028631305,-0.306367862,0.009026928
BFref,274,BEF-China,322,ElJa,1,4,2.703814626,2.336299147,2.325743604,100,907,Humid,0,0.498848875,0.010997169,0.361929894,0.025974293,1.025128525,0.015977558,5,-1.681684049,-0.148827855,-1.77112113,-2.60892818,-0.05235213,-2.354296956,0.004290148
BFref,275,BEF-China,322,ElJa,1,19,10.39119925,1.901436014,4.501102629,76.73,927,Humid,0,0.783525503,0.013644952,0.919733629,0.043200262,0.923345172,0.016003667,5,-0.680707561,-0.66804235,0.448252119,-0.746223849,-0.891220784,0.572935937,0.009519587
BFref,276,BEF-China,323,ElJa|PhBo,2,10,3.532153145,6.534802363,10.68434904,63.11,891,Humid,1,1.208029824,0.013476292,0.450101998,0.029771544,1.49252391,0.011964964,5,2.164470732,4.864068303,-1.531977072,2.031405083,3.799784086,-1.891588895,0.008683953
BFref,277,BEF-China,323,ElJa|PhBo,2,15,7.040193174,2.413175347,5.580512455,32.9,939,Humid,1,0.887290003,0.013839989,0.731997004,0.04029333,1.041856258,0.015597232,5,-0.184024556,-0.057039809,-0.519194367,-0.067268971,0.085512957,-0.41226511,0.008860796
BFref,278,BEF-China,324,IdPo,1,14,6.05965248,2.267966351,4.372537721,36.56,895,Humid,0,0.769976317,0.013765228,0.66411707,0.03870195,1.011442081,0.015496898,5,-0.739865819,-0.230415314,-0.802279693,-0.834879269,-0.165151804,-0.768484266,0.007736113
BFref,279,BEF-China,324,IdPo,1,23,9.286305962,1.970889594,4.535936447,22.68,944,Humid,0,0.7862924,0.013898876,0.864500017,0.041972487,0.940584469,0.015756911,5,-0.664679019,-0.585116706,0.12926579,-0.728119404,-0.749139542,0.283081936,0.009165136
BFref,280,BEF-China,325,IdPo|MaGr,2,26,10.53665651,1.680758724,3.396515863,4.51,943,Humid,1,0.654300262,0.01230141,0.92737033,0.043087436,0.8613515,0.01593301,5,-1.188975561,-0.931524902,0.490246109,-1.591774175,-1.402154523,0.613011686,0.008771381
BFref,281,BEF-China,326,KoBi,1,18,6.670384731,2.629003175,6.260775943,27.73,858,Humid,0,0.944959897,0.013742414,0.707033687,0.039787212,1.084433867,0.015400962,5,0.128994007,0.20065262,-0.625959282,0.310078343,0.436425179,-0.543267178,0.009014905
BFref,282,BEF-China,326,KoBi,1,21,5.032326505,3.295915314,6.870500495,70.37,979,Humid,0,0.99086551,0.014076079,0.584674062,0.036997566,1.194814649,0.015463606,5,0.409554565,0.996927179,-1.098872084,0.610449274,1.346151334,-1.185383925,0.008453286
BFref,283,BEF-China,327,KoBi|LiGl,2,19,9.671378866,1.998291959,4.811123628,7.95,876,Humid,1,0.815263939,0.013434432,0.888325533,0.04269567,0.947714948,0.01618509,5,-0.538053531,-0.552399044,0.240437605,-0.538551998,-0.690372213,0.408113069,0.009510413
BFref,284,BEF-China,327,KoBi|LiGl,2,22,10.46241944,2.125160697,5.870120954,9.82,964,Humid,1,0.912570921,0.014120951,0.924854397,0.04315267,0.978432682,0.015882189,5,-0.050763198,-0.400921296,0.468813623,0.098149859,-0.437205623,0.599808617,0.010319651
BFref,285,BEF-China,328,LiFo,1,16,8.132221167,2.1660857,5.05266425,23.33,857,Humid,0,0.83855084,0.013689418,0.802590442,0.042791702,0.988332143,0.015278528,5,-0.426910276,-0.35205798,-0.20392229,-0.386180474,-0.355617161,-0.041806072,0.009073087
BFref,286,BEF-China,328,LiFo,1,18,11.71591168,1.880555737,4.731556923,6.33,955,Humid,0,0.807027795,0.013500216,0.979744531,0.042911654,0.917869999,0.016219321,5,-0.574665603,-0.692972821,0.830700959,-0.592442968,-0.936345566,0.887860125,0.010062814
BFref,287,BEF-China,329,LiFo|SaMu,2,20,11.66322315,1.998242384,5.476768114,1.26,853,Humid,1,0.878490342,0.013911008,0.979095039,0.043846115,0.947563075,0.015755266,5,-0.231761801,-0.552458235,0.815489607,-0.124847168,-0.691623903,0.884451733,0.010480013
BFref,288,BEF-China,329,LiFo|SaMu,2,24,13.85761504,1.840110318,4.968562811,2.83,972,Humid,1,0.831161115,0.013522542,1.064921737,0.043993621,0.906697394,0.015171545,5,-0.465608974,-0.741263527,1.44901777,-0.434533135,-1.028426908,1.33485161,0.010765322
BFref,289,BEF-China,330,LiGl,1,24,12.12803704,1.802542007,4.35077966,18.33,850,Humid,0,0.767502164,0.013078766,0.997314085,0.04352055,0.896354199,0.0155438,5,-0.749877641,-0.786119046,0.949682907,-0.851068221,-1.1136725,0.98006133,0.009932987
BFref,290,BEF-China,330,LiGl,1,24,13.90600276,1.793063211,4.650984821,12.54,957,Humid,0,0.798314747,0.013849745,1.067394008,0.042456708,0.894584006,0.016398219,5,-0.611740302,-0.797436465,1.462987464,-0.649454439,-1.128261918,1.347825551,0.010603747
BFref,291,BEF-China,331,MeFl,1,20,8.633825645,2.146749431,5.190593158,5.26,886,Humid,0,0.851513465,0.014050036,0.829935602,0.042967291,0.984043316,0.01600823,5,-0.363443238,-0.375144948,-0.059107426,-0.301363049,-0.390964417,0.10169539,0.009329455
BFref,292,BEF-China,331,MeFl,1,20,7.868925681,2.778539903,8.233014962,0.95,945,Humid,0,1.081022642,0.014622535,0.784936515,0.040726137,1.112088321,0.016098041,5,1.036506222,0.379195317,-0.279936564,1.200368021,0.664345102,-0.13445005,0.010340399
BFref,293,BEF-China,332,MaGr,1,12,7.101996092,2.45470213,5.814926654,27.7,911,Humid,0,0.907822998,0.014117571,0.73662277,0.040186098,1.050980415,0.015633675,5,-0.076160475,-0.007457984,-0.501351661,0.067083112,0.160711601,-0.387990095,0.009018186
BFref,294,BEF-China,332,MaGr,1,17,8.641772023,2.830405483,9.428883571,35.78,934,Humid,0,1.148113169,0.01382182,0.829086915,0.042423001,1.121099234,0.016002377,5,1.586776934,0.441121378,-0.056813281,1.639356699,0.73861042,0.097241666,0.011036916
BFref,295,BEF-China,333,MaLe,1,20,5.999784725,2.046839785,3.715151742,52.995,898,Humid,0,0.693969763,0.01247996,0.659739228,0.03839557,0.959929831,0.016153999,5,-1.042357454,-0.494434289,-0.819563711,-1.332207553,-0.589700719,-0.791458231,0.007181445
BFref,296,BEF-China,333,MaLe,1,20,5.385196316,4.01565107,10.38761896,64.53,941,Humid,0,1.194106786,0.013769176,0.612870533,0.036841054,1.288741667,0.014166654,5,2.027932427,1.85627167,-0.996997408,1.940303459,2.120270372,-1.037414963,0.009774605
BFref,297,BEF-China,334,MaTh,1,13,6.21215901,1.930606187,3.325232072,100,909,Humid,0,0.644719297,0.012144699,0.67433481,0.038991966,0.930607465,0.015779318,5,-1.221776307,-0.633213974,-0.758250556,-1.654464619,-0.831367089,-0.714863781,0.007050888
BFref,298,BEF-China,334,MaTh,1,14,6.341154408,2.671843771,6.142511715,3.37,940,Humid,0,0.935825599,0.013699857,0.684267282,0.040016807,1.09319354,0.015307948,5,0.074575536,0.251803101,-0.72100916,0.250310542,0.508619842,-0.662740326,0.008816125
BFref,299,BEF-China,335,MaYu,1,9,4.423194755,3.301327421,5.904980766,6.7,889,Humid,0,0.915238633,0.014640313,0.532457022,0.03412901,1.196005313,0.014897524,5,-0.034722695,1.003389085,-1.274730426,0.115605312,1.355964442,-1.459407613,0.007708276
BFref,300,BEF-China,335,MaYu,1,13,4.126423954,3.314389736,5.465448875,37.47,928,Humid,0,0.877418001,0.013624285,0.506008154,0.03190789,1.198790447,0.01515934,5,-0.236970271,1.018985126,-1.360409133,-0.131863746,1.378918701,-1.598205529,0.007347509
BFref,301,BEF-China,336,MaYu|QuPh,2,19.5,11.77035229,2.08642377,5.638338658,2.135,870,Humid,1,0.892659253,0.013976996,0.983711596,0.044539294,0.969737333,0.01569784,5,-0.157416227,-0.447172111,0.846418142,-0.032136745,-0.508870148,0.908678421,0.010850058
BFref,302,BEF-China,336,MaYu|QuPh,2,14,5.659917449,3.066051751,6.973348995,5.96,922,Humid,1,0.998758135,0.013970934,0.634286165,0.038652052,1.16120598,0.015395846,5,0.456879594,0.722476473,-0.917684513,0.662092528,1.069158505,-0.925030377,0.008837478
BFref,303,BEF-China,337,NySi,1,18,8.243829523,2.481450245,6.80170172,1.51,885,Humid,0,0.985350046,0.014802123,0.808192749,0.042608838,1.056445442,0.016021912,5,0.377897282,0.024478522,-0.17170059,0.574360333,0.205752754,-0.01240638,0.00996116
BFref,304,BEF-China,337,NySi,1,26,14.72039727,1.87466956,5.41949081,-0.37,953,Humid,0,0.872473596,0.014071193,1.093301822,0.043517416,0.91571549,0.016215379,5,-0.258117558,-0.700000752,1.69810584,-0.164216118,-0.954102397,1.483784131,0.011194976
BFref,305,BEF-China,338,PhBo,1,9,3.849435704,4.332754106,7.216243343,100,918,Humid,0,1.015398109,0.014668675,0.480066417,0.031123954,1.324136317,0.014073409,5,0.568645757,2.234883882,-1.440376553,0.770971682,2.411982744,-1.734342133,0.007930319
BFref,306,BEF-China,338,PhBo,1,28,5.96262763,3.015325742,7.175574454,77.17,948,Humid,0,1.01271678,0.014768821,0.657801964,0.039719692,1.152707714,0.015342317,5,0.549932248,0.661911028,-0.830291087,0.753427138,0.999118279,-0.80162457,0.009078237
BFref,307,BEF-China,339,QuFa,1,16,8.304781243,2.255042548,5.592024232,0.28,852,Humid,0,0.888208973,0.014246771,0.809390415,0.040618197,1.008102236,0.016039331,5,-0.178727491,-0.245845976,-0.154103628,-0.061255946,-0.192677829,-0.00612129,0.009388009
BFref,308,BEF-China,339,QuFa,1,26,10.80362187,2.101612516,5.856485265,1.22,978,Humid,0,0.911520451,0.013772046,0.941045921,0.042383273,0.973112522,0.015467627,5,-0.057037567,-0.42903717,0.567319888,0.09127639,-0.481052829,0.68477822,0.010426339
BFref,309,BEF-China,340,QuPh,1,17,6.792544107,2.731302067,6.855013068,98.82,903,Humid,0,0.99001843,0.014173671,0.716593495,0.040301661,1.104268053,0.015890488,5,0.402428132,0.322794654,-0.590691468,0.604906638,0.599892742,-0.49309938,0.009354086
BFref,310,BEF-China,340,QuPh,1,21,9.780662481,2.678950936,9.460932149,3.63,946,Humid,0,1.14993119,0.013666236,0.891353692,0.043536978,1.094683751,0.015659554,5,1.601523867,0.260288858,0.271988144,1.651252426,0.520901729,0.42400419,0.011504538
BFref,311,BEF-China,341,QuSe,1,18,4.796317892,2.915509158,5.35305615,-0.12,859,Humid,0,0.866862599,0.013937923,0.564170377,0.033337338,1.135317755,0.015441536,5,-0.28868701,0.542732801,-1.167008548,-0.200930155,0.855795314,-1.292982811,0.007634061
BFref,312,BEF-China,341,QuSe,1,14,8.329551685,1.56141897,2.571724238,93.32,951,Humid,0,0.537688578,0.011128596,0.811795106,0.040990295,0.825811766,0.014972145,5,-1.568497753,-1.074013251,-0.14695232,-2.354791113,-1.695062629,0.006498003,0.007269946
BFref,313,BEF-China,342,RhCh,1,9,2.935825556,3.835194917,4.253363241,66.8,879,Humid,0,0.756460406,0.013079769,0.389709921,0.027521413,1.267248572,0.014637563,5,-0.794703136,1.640812038,-1.704138811,-0.923316974,1.943130568,-2.208513406,0.006081353
BFref,314,BEF-China,342,RhCh,1,24,15.45725439,2.843467986,17.48527069,77.7,965,Humid,0,1.428488827,0.011883216,1.116929725,0.041984201,1.122940611,0.015758046,5,5.293868036,0.456717644,1.910838917,3.473918795,0.753786509,1.607778238,0.014900394
BFref,315,BEF-China,343,ScSu|RhCh,2,20,12.89474976,1.754050451,4.206992419,12.71,872,Humid,1,0.752292018,0.013018168,1.028011707,0.042068749,0.883580122,0.016132278,5,-0.81604035,-0.844016616,1.171035394,-0.950591691,-1.218952715,1.141155786,0.010049913
BFref,316,BEF-China,343,ScSu|RhCh,2,23,13.47733867,1.789898901,4.545790052,20.25,954,Humid,1,0.78825586,0.013590537,1.051231095,0.041669652,0.893063173,0.01597184,5,-0.660144951,-0.801214563,1.33923073,-0.715272036,-1.140796175,1.263006089,0.010420164
BFref,317,BEF-China,344,SaMu,1,18,10.83247096,2.215008592,6.650795148,100,865,Humid,0,0.974632502,0.014335666,0.942808229,0.042927701,0.999246404,0.015420082,5,0.308458661,-0.293645407,0.575648715,0.50423299,-0.265665012,0.694026432,0.010811093
BFref,318,BEF-China,344,SaMu,1,37,15.68395603,1.837373978,5.336301036,0.87,976,Humid,0,0.865978442,0.014077149,1.125840016,0.043816514,0.906609242,0.015729085,5,-0.29639676,-0.744530641,1.976288426,-0.206715398,-1.029153437,1.654537508,0.011379712
BFref,319,BEF-China,345,SaSe,1,17,7.206253653,2.044031566,4.103904423,26.51,866,Humid,0,0.739683132,0.013369174,0.742776334,0.038773725,0.959361438,0.0155619,5,-0.863475583,-0.497787224,-0.47125216,-1.033094517,-0.594385244,-0.355697527,0.008079119
BFref,320,BEF-China,345,SaSe,1,28,12.30245118,2.057245462,6.113431138,12.57,981,Humid,0,0.932845736,0.014163072,1.002511045,0.042724084,0.963148727,0.015882231,5,0.061194309,-0.4820102,1.000036844,0.230812612,-0.563171516,1.007333845,0.010960088
BDref,321,BrazilDry,107,HaIm,1,3,2.287300829,2.507848192,2.139788486,100,739,Seasonal,0,0.617352265,0.016921995,0.635161651,0.013652664,0.965153899,0.014644745,10,-1.038634935,-0.317628605,-0.923313841,-1.210409099,-0.662282326,-0.916928189,0.006962743
BDref,322,BrazilDry,107,HaIm,1,5,3.935895671,2.997652174,4.500453913,16.52,767,Seasonal,0,0.967316556,0.019244623,0.889195221,0.015710225,1.053877752,0.013890656,10,0.163055018,-0.263649418,1.351060401,0.360656495,-0.331499804,1.290584705,0.010925004
BDref,323,BrazilDry,107,HaIm,1,3,2.55233995,3.670148944,3.381540423,41.81,796,Seasonal,0,0.826997592,0.018502031,0.683490218,0.014601374,1.15478628,0.013904033,10,-0.406524679,-0.189536445,-0.557670243,-0.269265763,0.044709935,-0.496960331,0.00945482
BDref,324,BrazilDry,163,CpLe,1,3,2.306276989,4.142046064,3.279186399,60.57,718,Seasonal,0,0.810511326,0.018195363,0.638610419,0.013733866,1.212636899,0.013300035,10,-0.458627701,-0.137530696,-0.897134644,-0.343276187,0.260390082,-0.886958925,0.009412094
BDref,325,BrazilDry,163,CpLe,1,5,3.124393321,2.978986352,3.467990296,65.25,759,Seasonal,0,0.838339933,0.018583995,0.77788858,0.015551747,1.050895432,0.014388973,10,-0.36251762,-0.265706497,0.231525149,-0.218347533,-0.342618565,0.323347009,0.009522388
BDref,326,BrazilDry,163,CpLe,1,3,2.414769565,2.685783956,2.389300192,99.99,809,Seasonal,0,0.664858647,0.017031201,0.658335928,0.014524033,0.998259894,0.014677598,10,-0.911621718,-0.298019071,-0.747460076,-0.997142646,-0.538855715,-0.715547269,0.007539413
BDref,327,BrazilDry,164,BaCh,1,2,1.668884025,6.292956308,2.565296454,100,719,Seasonal,0,0.696377392,0.017443921,0.507407602,0.011877165,1.40117997,0.011824874,10,-0.822031326,0.099511858,-1.77647146,-0.855648167,0.96332115,-2.027091353,0.009019792
BDref,328,BrazilDry,164,BaCh,1,2,1.989800113,50.95385205,14.94844973,84.34,807,Seasonal,0,1.514057799,0.014766264,0.576123043,0.013387022,1.899778515,0.002732709,10,5.481577272,5.021396824,-1.33374092,2.815096503,2.822208912,-1.42996467,0.015198452
BDref,329,BrazilDry,164,BaCh,1,2,1.806453297,14.56378823,4.87438946,99.95,831,Seasonal,0,1.006809023,0.018423603,0.537688664,0.012654854,1.688248743,0.007519682,10,0.353405834,1.011004622,-1.586683162,0.537946748,2.033578243,-1.763953554,0.012171221
BDref,330,BrazilDry,165,AmCe,1,4,2.495040777,4.122283267,3.651099257,76.97,726,Seasonal,0,0.864423376,0.02004824,0.674026554,0.015048094,1.209930888,0.013155944,10,-0.269306529,-0.139708669,-0.636719237,-0.101253301,0.250301463,-0.579198127,0.009905334
BDref,331,BrazilDry,165,AmCe,1,3,2.31594361,4.805837262,3.737329518,23.6,774,Seasonal,0,0.87496718,0.01788062,0.640307688,0.014372393,1.281974854,0.012853727,10,-0.225411262,-0.064377127,-0.883798733,-0.053919877,0.518897606,-0.872209916,0.010142717
BDref,332,BrazilDry,166,CoVi,1,4,3.374930933,3.388556948,4.412621375,26.3,727,Seasonal,0,0.958234107,0.019070659,0.813485808,0.014973341,1.115224192,0.014532522,10,0.118344117,-0.220569486,0.577162704,0.319883413,-0.102786448,0.632681479,0.010755698
BDref,333,BrazilDry,166,CoVi,1,5,3.500524606,3.616109707,5.005276438,20.83,776,Seasonal,0,1.021591797,0.019139467,0.832692055,0.015520431,1.146847847,0.013985158,10,0.420033474,-0.195491877,0.750429663,0.604309825,0.015113666,0.799580834,0.011416172
BDref,334,BrazilDry,166,CoVi,1,3,2.469757374,4.930278727,4.230959788,100,808,Seasonal,0,0.937050566,0.019022007,0.6693066,0.014205852,1.293712826,0.013211035,10,0.025869808,-0.050662969,-0.671599802,0.224785906,0.562659413,-0.620213809,0.010728124
BDref,335,BrazilDry,167,AnCo,1,4,2.954950606,2.661581166,2.888226184,33.4,733,Seasonal,0,0.751388376,0.018541745,0.751017276,0.015342397,0.995094614,0.01496087,10,-0.657644875,-0.300686356,-0.002235225,-0.608691927,-0.550656592,0.089839486,0.008565473
BDref,336,BrazilDry,167,AnCo,1,4,2.36322882,3.775778134,3.135033571,25.32,736,Seasonal,0,0.789608231,0.018939596,0.648702299,0.013823193,1.167621087,0.014118891,10,-0.532008284,-0.177895507,-0.818564837,-0.43711471,0.092560988,-0.799262029,0.009103141
BDref,337,BrazilDry,167,AnCo,1,5,3.922506003,2.938659849,4.363490791,24.17,762,Seasonal,0,0.952810235,0.019752186,0.887458019,0.016256344,1.044067146,0.014669885,10,0.093334335,-0.270150708,1.332588236,0.295534478,-0.368075956,1.275488688,0.010772216
BDref,338,BrazilDry,168,CyHa,1,5,3.193657866,4.069186923,5.101995993,24.63,737,Seasonal,0,1.029350041,0.019140628,0.787269528,0.014918526,1.203867295,0.013607962,10,0.469268286,-0.145560188,0.327081372,0.639138265,0.227695021,0.404866016,0.011494394
BDref,339,BrazilDry,168,CyHa,1,4,3.186700305,2.306550432,2.634322742,99.99,810,Seasonal,0,0.709137289,0.017908461,0.786779753,0.015524579,0.923898535,0.013956479,10,-0.786893693,-0.339812764,0.317482836,-0.798366221,-0.816091624,0.400609946,0.008149794
BDref,340,BrazilDry,170,MiTe,1,4,3.765960329,3.099495742,4.481809031,2.66,742,Seasonal,0,0.965160758,0.019066277,0.868116322,0.015704897,1.070540225,0.01380192,10,0.153563895,-0.252425677,1.116620407,0.350978654,-0.269378349,1.107412301,0.010885214
BDref,341,BrazilDry,170,MiTe,1,5,3.94833959,2.977728114,4.474907073,4.75,805,Seasonal,0,0.964877544,0.01951295,0.891044488,0.015423876,1.051455273,0.014204453,10,0.150050473,-0.265845162,1.368227826,0.349707243,-0.340531353,1.306654552,0.010915103
BDref,342,BrazilDry,170,MiTe,1,4,2.895533993,3.282144881,3.538043753,6.68,834,Seasonal,0,0.847909142,0.018195277,0.741452744,0.015230004,1.099326033,0.014583093,10,-0.326857109,-0.232296702,-0.084205404,-0.175389277,-0.16205837,0.006725164,0.009622454
BDref,343,BrazilDry,171,PoGa,1,4,3.364697022,3.402236396,4.417840337,16.14,745,Seasonal,0,0.958399825,0.019345523,0.812921502,0.015654013,1.116788741,0.013979117,10,0.121000815,-0.219061933,0.563044169,0.320627358,-0.096953455,0.627777745,0.010767794
BDref,344,BrazilDry,171,PoGa,1,3,2.609112745,2.580045415,2.481731743,99.71,824,Seasonal,0,0.682309492,0.017483825,0.693494909,0.013909062,0.979329255,0.01497223,10,-0.864569702,-0.30967206,-0.479347432,-0.918802022,-0.609433405,-0.410021098,0.007747307
BDref,345,BrazilDry,172,AsPy,1,6,4.509378996,2.341053716,3.600745602,47.47,746,Seasonal,0,0.857465157,0.018038915,0.956743197,0.016364884,0.930512008,0.014310141,10,-0.294938912,-0.336010306,2.142228533,-0.132490254,-0.791435106,1.877566296,0.010002437
BDref,346,BrazilDry,172,AsPy,1,3,2.428965813,3.840308198,3.300690316,99.99,811,Seasonal,0,0.814786859,0.018687875,0.661150876,0.014028318,1.175961323,0.013735378,10,-0.447681194,-0.170783926,-0.727875167,-0.324082388,0.123655266,-0.691085803,0.009363859
BDref,347,BrazilDry,172,AsPy,1,3,2.377946116,5.155853833,4.140199138,3.48,841,Seasonal,0,0.926004716,0.018394397,0.651365243,0.013808857,1.313883806,0.012527214,10,-0.02033164,-0.025803308,-0.798261099,0.175198689,0.637861372,-0.776121451,0.010652127
BDref,348,BrazilDry,173,ZiJo,1,4,2.818979621,5.01210847,5.314760439,13.88,753,Seasonal,0,1.050898478,0.018980875,0.728561024,0.014694397,1.300867633,0.013403995,10,0.577575416,-0.041644865,-0.189818552,0.735873873,0.589334144,-0.105301916,0.011761715
BDref,349,BrazilDry,173,ZiJo,1,5,4.447933845,3.679616488,6.989179399,99.99,773,Seasonal,0,1.185398449,0.018888467,0.950060823,0.015742256,1.155346251,0.013701515,10,1.429933577,-0.188493068,2.057459817,1.339673408,0.046797633,1.81949749,0.013150594
BDref,350,BrazilDry,174,PsMa,1,4,3.342881021,4.02854482,5.374187659,2.42,756,Seasonal,0,1.056005378,0.019007964,0.8095069,0.015402063,1.198650263,0.013571287,10,0.607826672,-0.150039179,0.532947174,0.758799852,0.208244748,0.598105378,0.011752691
BDref,351,BrazilDry,174,PsMa,1,4,2.868721494,3.850281214,4.140290889,9.42,798,Seasonal,0,0.925755567,0.018178754,0.737136261,0.014520003,1.177858215,0.013504682,10,-0.020284934,-0.169684843,-0.121195485,0.174080203,0.130727309,-0.030784413,0.010461881
BDref,352,BrazilDry,175,PiSt,1,4,2.562113495,4.362802077,3.9986389,28.6,771,Seasonal,0,0.908727177,0.018428837,0.68537554,0.014565239,1.237650846,0.013820229,10,-0.092392472,-0.113202126,-0.544186822,0.097636068,0.353647714,-0.480577169,0.010372365
BDref,353,BrazilDry,175,PiSt,1,5,3.53066342,4.196667769,6.106400554,0.63,777,Seasonal,0,1.118687998,0.018382225,0.835791903,0.015522113,1.219579113,0.013780507,10,0.980557542,-0.131511073,0.792008674,1.040195729,0.286272218,0.826518033,0.01240976
BDref,354,BrazilDry,175,PiSt,1,4,3.415060979,2.923459486,3.734329423,19.69,803,Seasonal,0,0.87496236,0.018958836,0.819861227,0.015415598,1.041454689,0.014025042,10,-0.226938452,-0.271825874,0.632525453,-0.053941515,-0.377815783,0.688082892,0.009919428
BDref,355,BrazilDry,176,CbLe,1,4,2.180195768,4.513926739,3.237198925,75.99,780,Seasonal,0,0.805191996,0.019053506,0.614539072,0.013249622,1.253456808,0.014036652,10,-0.480001304,-0.096547328,-1.071074216,-0.367155812,0.412575904,-1.096135249,0.00945465
BDref,356,BrazilDry,176,CbLe,1,3,2.325778279,6.925394575,5.121311257,33.51,793,Seasonal,0,1.033012756,0.019668694,0.642698393,0.013508892,1.440510388,0.011413894,10,0.479100666,0.169210156,-0.870230986,0.655580986,1.109953812,-0.85143506,0.011842329
BDref,357,BrazilDry,177,LiFe,1,3,2.571128317,6.152446306,5.560748404,15.25,791,Seasonal,0,1.073472639,0.019799096,0.687337603,0.014324266,1.390900533,0.012164583,10,0.702794883,0.084026856,-0.531750122,0.837214177,0.92499709,-0.463527141,0.012102157
BDref,358,BrazilDry,177,LiFe,1,2,2.129777789,4.852494437,3.300666779,69.62,825,Seasonal,0,0.814663712,0.019301589,0.604897713,0.013299078,1.286843151,0.013470494,10,-0.447693175,-0.059235241,-1.140630028,-0.324635223,0.537047717,-1.179917186,0.009629021
BDref,359,BrazilDry,178,SeMa,1,5,2.689545688,4.107168991,4.045964055,79.67,804,Seasonal,0,0.914174488,0.018812831,0.707365187,0.013961255,1.209475914,0.014076259,10,-0.068301738,-0.141374348,-0.368383471,0.12209023,0.248605217,-0.289490497,0.010390202
BDref,360,BrazilDry,178,SeMa,1,2,1.868410547,3.027160018,1.99843252,100,838,Seasonal,0,0.587967033,0.016422958,0.550789502,0.012701156,1.059499957,0.014740499,10,-1.110591783,-0.260397485,-1.501207962,-1.342325777,-0.310538956,-1.650109269,0.00681407
BDref,361,BrazilDry,178,SeMa,1,3,2.204225938,12.03790596,7.145653704,49.9,845,Seasonal,0,1.195503198,0.017983121,0.618882242,0.014060503,1.63468751,0.008969515,10,1.509586373,0.732638016,-1.03792259,1.385035817,1.833889891,-1.058393767,0.013435515
BDref,362,BrazilDry,179,CoVi|ZiJo,2,5,3.444054435,2.930963669,3.780316578,9.92,723,Seasonal,1,0.88114386,0.019036525,0.823838065,0.015323788,1.042538616,0.014573195,10,-0.203528823,-0.27099887,0.672524347,-0.026191421,-0.373774659,0.722641008,0.009980999
BDref,363,BrazilDry,179,CoVi|ZiJo,2,6,4.08519836,2.986449773,4.66357892,7,740,Seasonal,1,0.985266338,0.019345396,0.907298134,0.016367346,1.052465575,0.014454297,10,0.246093335,-0.264883986,1.557035927,0.441236961,-0.336764717,1.447896257,0.011128057
BDref,364,BrazilDry,179,CoVi|ZiJo,2,2,1.700593205,3.050475336,1.807956915,86.32,806,Seasonal,1,0.548186899,0.016366466,0.514059964,0.012039151,1.063071109,0.013992695,10,-1.207552843,-0.257828004,-1.732725998,-1.520907428,-0.297224896,-1.96928335,0.006387483
BDref,365,BrazilDry,180,AnCo|MiTe,2,8,4.016278911,2.501659706,3.578318106,21.54,724,Seasonal,1,0.854392355,0.018986921,0.899551462,0.015881766,0.963706255,0.014253287,10,-0.306355565,-0.318310611,1.461955792,-0.146284728,-0.667679469,1.380578862,0.009841851
BDref,366,BrazilDry,180,AnCo|MiTe,2,6,4.053496523,3.125829961,4.928826474,6.84,784,Seasonal,1,1.013327461,0.019879666,0.904456992,0.015350416,1.075897726,0.014513284,10,0.38111684,-0.249523496,1.513300596,0.567209428,-0.249404379,1.423207163,0.011414538
BDref,367,BrazilDry,180,AnCo|MiTe,2,4,4.231779998,3.480450119,6.044711078,9.85,787,Seasonal,1,1.115359128,0.019211638,0.925328009,0.015327035,1.127544022,0.013866743,10,0.949154692,-0.210442335,1.759257536,1.025251708,-0.056855343,1.604573115,0.012409995
BDref,368,BrazilDry,181,LiFe|PoGa,2,7,2.900780842,3.567993625,3.875435934,47.34,728,Seasonal,1,0.89336122,0.018793282,0.742296308,0.01509956,1.140355391,0.014100754,10,-0.155108588,-0.200794543,-0.076966938,0.028654958,-0.009091674,0.014055607,0.010102203
BDref,369,BrazilDry,181,LiFe|PoGa,2,2,1.974256721,2.290727556,1.757320795,92.83,801,Seasonal,1,0.536325175,0.0154353,0.573560596,0.013457576,0.919710805,0.014765415,10,-1.233329014,-0.341556535,-1.355184327,-1.574157277,-0.831704424,-1.452231944,0.005906283
BDref,370,BrazilDry,181,LiFe|PoGa,2,3,2.057786829,4.701124706,3.055495656,100,835,Seasonal,1,0.777883973,0.018529831,0.590388449,0.013482927,1.271232009,0.013519448,10,-0.572496831,-0.075917047,-1.239947568,-0.48974745,0.478845859,-1.306000478,0.009250477
BDref,371,BrazilDry,182,PiSt|ZiJo,2,8,3.788917157,3.587665435,5.483451833,6.13,729,Seasonal,1,1.066122378,0.019838809,0.870941958,0.01585065,1.143175834,0.014103546,10,0.663447286,-0.198626597,1.148291268,0.804217259,0.001423574,1.131966638,0.011891022
BDref,372,BrazilDry,182,PiSt|ZiJo,2,5,3.526550047,3.207175443,4.343867993,16.82,770,Seasonal,1,0.949715698,0.019038136,0.835646455,0.015908323,1.087615248,0.014103204,10,0.083345406,-0.24055876,0.786333932,0.28164243,-0.205718813,0.825254111,0.01069531
BDref,373,BrazilDry,182,PiSt|ZiJo,2,4,3.247205977,3.561374912,4.463674557,17.5,821,Seasonal,1,0.962578929,0.019074936,0.795113384,0.014774441,1.139792977,0.014212685,10,0.144332593,-0.201523963,0.400955462,0.339388265,-0.011188478,0.473027921,0.010814091
BDref,374,BrazilDry,183,CoVi|CbLe,2,4,2.749896855,4.29576932,4.368788899,38.37,734,Seasonal,1,0.95234806,0.019168561,0.716744835,0.014543863,1.229840845,0.01354206,10,0.096031321,-0.120589518,-0.285123997,0.293459675,0.32453027,-0.20798279,0.010758424
BDref,375,BrazilDry,183,CoVi|CbLe,2,4,3.728856455,4.252164661,6.719156056,1.52,758,Seasonal,1,1.166307425,0.018712562,0.86335821,0.016294557,1.225883433,0.013624636,10,1.29247897,-0.125395,1.065432514,1.253969662,0.309776147,1.066065031,0.012905058
BDref,376,BrazilDry,183,CoVi|CbLe,2,4,1.973269504,10.85514036,5.057232647,5.3,815,Seasonal,1,1.026249052,0.019144495,0.572382321,0.012865793,1.602905844,0.008945329,10,0.446481633,0.602290513,-1.356546275,0.625217253,1.715400678,-1.462470977,0.012113658
BDref,377,BrazilDry,184,SeMa|AnCo,2,4,3.643844471,3.005012856,4.148337558,17.75,748,Seasonal,1,0.926511058,0.019554858,0.851306403,0.016073658,1.055160798,0.01408541,10,-0.0161888,-0.262838228,0.948151384,0.177471768,-0.32671632,0.961336666,0.010476003
BDref,378,BrazilDry,184,SeMa|AnCo,2,2,1.722909642,59.69550233,9.249920752,94.53,848,Seasonal,1,1.316692335,0.017181335,0.519020103,0.012428544,1.913709407,0.002395572,10,2.580757468,5.984776451,-1.70193861,1.929080135,2.874146417,-1.926180493,0.013822384
BDref,379,BrazilDry,185,HaIm|PoGa,2,4,3.780423853,3.311143896,4.914570913,10.62,749,Seasonal,1,1.011785807,0.01860752,0.869264469,0.015094958,1.103532375,0.014077194,10,0.373860088,-0.229100845,1.136574046,0.56028861,-0.146376178,1.117389521,0.011337181
BDref,380,BrazilDry,185,HaIm|PoGa,2,3,2.136928027,6.38032538,4.084820071,55.85,836,Seasonal,1,0.920496007,0.019421696,0.606603988,0.013685672,1.407374185,0.012405925,10,-0.048522195,0.109140427,-1.130765677,0.150468898,0.98641458,-1.165089923,0.010844985
BDref,381,BrazilDry,186,AsPy|LiFe,2,4,2.245708268,2.216077693,1.903642944,95.96,751,Seasonal,1,0.567543299,0.015553855,0.627426805,0.013655304,0.903040401,0.01398908,10,-1.158844145,-0.349783375,-0.980694252,-1.43401235,-0.893855449,-0.984142826,0.00630952
BDref,382,BrazilDry,186,AsPy|LiFe,2,3,2.497983743,4.20437472,3.723819373,40.17,814,Seasonal,1,0.873561272,0.018896705,0.673652176,0.014573943,1.219926285,0.013751081,10,-0.232288563,-0.130661723,-0.632659169,-0.060231306,0.287566555,-0.582451417,0.010006017
BDref,383,BrazilDry,186,AsPy|LiFe,2,4,2.688008138,4.518900045,4.443208195,13.63,837,Seasonal,1,0.961429856,0.019465555,0.706796048,0.013854867,1.253029567,0.013359835,10,0.13391425,-0.095999242,-0.370504649,0.334229824,0.410983053,-0.294436229,0.010869213
BDref,384,BrazilDry,187,SeMa|PsMa,2,5,3.956933,3.474416223,5.545827206,2.23,752,Seasonal,1,1.072411165,0.019251813,0.891681454,0.016038162,1.127716563,0.013589539,10,0.69519929,-0.211107305,1.380083153,0.832448988,-0.056212074,1.312189689,0.011961119
BDref,385,BrazilDry,187,SeMa|PsMa,2,3,3.238165168,0.115023897,0.078780647,100,757,Seasonal,1,0.032411285,0.001280829,0.793507664,0.015205362,0.081996415,0.002328984,10,-2.087785054,-0.581331465,0.388482911,-3.836336009,-3.954892496,0.459074457,0.000355521
BDref,386,BrazilDry,188,HaIm|CbLe,2,4,2.291612406,3.878656512,3.077282219,83.06,760,Seasonal,1,0.780842563,0.018346537,0.635474459,0.013868261,1.181714672,0.013757056,10,-0.561406444,-0.166557724,-0.917365661,-0.476465698,0.145105049,-0.914209941,0.009057347
BDref,387,BrazilDry,188,HaIm|CbLe,2,5,4.619154099,3.362217603,6.395123432,47.78,817,Seasonal,1,1.142501483,0.019177936,0.969502715,0.015596819,1.110634504,0.01449769,10,1.127531094,-0.223472232,2.293672454,1.147099625,-0.119897839,1.988444557,0.012750144
BDref,388,BrazilDry,188,HaIm|CbLe,2,3,2.113038406,5.882713225,3.764798819,35.75,826,Seasonal,1,0.879270815,0.018410559,0.602094159,0.013451233,1.373055043,0.012059313,10,-0.211428094,0.054300735,-1.163723404,-0.034599927,0.858465081,-1.204279647,0.010425206
BDref,389,BrazilDry,189,CpLe|BaCh,2,4,3.045260966,4.120508161,4.839505046,10.22,766,Seasonal,1,1.003183384,0.019093511,0.765473957,0.015323579,1.21044714,0.014020032,10,0.335648024,-0.139904295,0.122355457,0.521670468,0.252226165,0.21546583,0.011255448
BDref,390,BrazilDry,189,CpLe|BaCh,2,2,2.003766425,3.774437828,2.517264451,99.99,795,Seasonal,1,0.688701798,0.017724134,0.579166868,0.013558495,1.168021092,0.013773632,10,-0.84648188,-0.178043216,-1.314473226,-0.890105573,0.094052297,-1.403514299,0.008130972
BDref,391,BrazilDry,189,CpLe|BaCh,2,3,2.384711545,4.091597568,3.402379657,14.44,818,Seasonal,1,0.830261769,0.019188551,0.653327765,0.013898001,1.206333022,0.013600591,10,-0.395916527,-0.143090407,-0.788927625,-0.254612162,0.236887806,-0.759067442,0.009564143
BDref,392,BrazilDry,190,AsPy|MiTe,2,6,4.155193661,2.769281347,4.266674856,11.74,768,Seasonal,1,0.940638955,0.01934645,0.916216239,0.015444921,1.014260667,0.014063793,10,0.044050461,-0.288817183,1.653600289,0.240894959,-0.479201228,1.525393222,0.01071133
BDref,393,BrazilDry,190,AsPy|MiTe,2,5,3.74660675,2.822820733,3.938086844,15.86,794,Seasonal,1,0.901647522,0.018692883,0.865800759,0.015980087,1.024164823,0.014256173,10,-0.123216322,-0.282916838,1.089920529,0.065853963,-0.442276302,1.087290411,0.010250288
BDref,394,BrazilDry,190,AsPy|MiTe,2,4,3.070206616,3.671695681,4.301662108,7.73,828,Seasonal,1,0.944682247,0.018708039,0.768484649,0.014556479,1.15475686,0.014019604,10,0.061860621,-0.189365986,0.156770064,0.259046177,0.044600249,0.241628281,0.010630209
BDref,395,BrazilDry,191,BaCh|PsMa,2,3,2.942245797,0.018086685,0.013164021,100,839,Seasonal,1,0.005470706,0.000206783,0.749148884,0.015128947,0.013372424,0.00038223,10,-2.121187009,-0.592014497,-0.01976257,-3.957278113,-4.210738204,0.073603439,3.1957063743068e-05
BDref,396,BrazilDry,192,CyHa|PiSt,2,4,3.320388743,3.506170844,4.506551027,27.47,775,Seasonal,1,0.967316423,0.019399092,0.806386192,0.015266762,1.132140434,0.01419002,10,0.166158737,-0.207607765,0.501917199,0.360655899,-0.039718885,0.570986897,0.010872017
BDref,397,BrazilDry,192,CyHa|PiSt,2,5,3.201135466,3.0013029,3.592134985,25.02,783,Seasonal,1,0.855021883,0.018494684,0.789464541,0.015969544,1.054473386,0.014400253,10,-0.299322122,-0.263247087,0.337397346,-0.143458643,-0.329279146,0.423940343,0.009706783
BDref,398,BrazilDry,192,CyHa|PiSt,2,3,2.414927338,3.346005994,2.900407693,68.13,812,Seasonal,1,0.753140814,0.018526673,0.658310936,0.014537479,1.109042164,0.014380617,10,-0.651443913,-0.225258843,-0.747242415,-0.600824855,-0.125834443,-0.715764449,0.0086415
BDref,399,BrazilDry,193,CyHa|AmCe,2,2,2.420567511,1.621556811,1.533135223,85.07,830,Seasonal,1,0.483682315,0.014570036,0.659924614,0.013490942,0.752440755,0.013518264,10,-1.347450036,-0.415302961,-0.739461325,-1.810482494,-1.455324875,-0.70174183,0.005238154
BDref,400,BrazilDry,194,CpLe|AmCe,2,4,2.744477372,3.121243028,3.155502402,99.36,797,Seasonal,1,0.794279626,0.018199953,0.716304883,0.014364101,1.074312166,0.014767593,10,-0.521588684,-0.250029002,-0.292600626,-0.416143807,-0.255315704,-0.211805905,0.009022726
BDref,401,BrazilDry,195,CoVi|SeMa|AnCo|ZiJo,4,4,2.704610729,2.062289832,2.054777245,90.72,720,Seasonal,2,0.599367703,0.016918601,0.709754363,0.014016943,0.867718669,0.014499366,10,-1.081909663,-0.366731673,-0.347599989,-1.291145696,-1.025542828,-0.268728926,0.006777517
BDref,402,BrazilDry,195,CoVi|SeMa|AnCo|ZiJo,4,8,3.13452687,2.274276292,2.556734431,70.21,747,Seasonal,2,0.694871421,0.017276892,0.778152082,0.015010875,0.916476412,0.01427744,10,-0.8263898,-0.343369558,0.245505226,-0.862408795,-0.843762971,0.325636801,0.007976555
BDref,403,BrazilDry,195,CoVi|SeMa|AnCo|ZiJo,1,4,2.102170416,0.786343621,0.83645597,99.85,847,Seasonal,0,0.297302442,0.009696303,0.598631975,0.013307794,0.452036027,0.009711379,10,-1.702092608,-0.507348209,-1.178716704,-2.647182161,-2.575301414,-1.234365495,0.002453974
BDref,404,BrazilDry,196,HaIm|BaCh|PiSt|ZiJo,4,5,4.369621184,2.088542336,2.962547454,96.48,731,Seasonal,2,0.762429147,0.01826813,0.941885763,0.015996486,0.874158547,0.013653146,10,-0.619811846,-0.363838497,1.949420962,-0.559127514,-1.00153351,1.748457469,0.00908082
BDref,405,BrazilDry,196,HaIm|BaCh|PiSt|ZiJo,4,4,3.321249613,4.240416634,5.663752219,9.1,779,Seasonal,2,1.081588326,0.018947626,0.806936057,0.015309435,1.223430224,0.01355185,10,0.755228679,-0.126689699,0.503104841,0.873647253,0.300630029,0.575765142,0.012030395
BDref,406,BrazilDry,196,HaIm|BaCh|PiSt|ZiJo,4,4,3.125558019,2.726053705,3.135744002,83.02,823,Seasonal,2,0.791084012,0.018033852,0.776903617,0.015806779,1.00664076,0.014885875,10,-0.531646641,-0.293581115,0.233131947,-0.430489609,-0.507609958,0.314787826,0.008994262
BDref,407,BrazilDry,197,AsPy|CyHa|AnCo|PoGa,4,5,3.911320269,2.866869364,4.205786244,10,743,Seasonal,2,0.933927084,0.019483567,0.885797133,0.015588099,1.031533965,0.014607342,10,0.013055288,-0.278062428,1.317156582,0.210763915,-0.414802478,1.261055838,0.010584981
BDref,408,BrazilDry,197,AsPy|CyHa|AnCo|PoGa,4,3,2.469438278,3.441951249,3.056796121,84.97,778,Seasonal,2,0.777306234,0.018328446,0.669295126,0.01464665,1.122315654,0.013962083,10,-0.571834833,-0.21468513,-0.672040022,-0.492341046,-0.076347879,-0.620313513,0.008922284
BDref,409,BrazilDry,197,AsPy|CyHa|AnCo|PoGa,4,2,2.105008196,8.489196694,4.913301227,100,792,Seasonal,2,1.011320445,0.01889666,0.599388271,0.013315551,1.519456891,0.010674607,10,0.373213758,0.341550052,-1.17480175,0.558199498,1.404284172,-1.2277934,0.011835507
BDref,410,BrazilDry,198,HaIm|AsPy|CbLe|MiTe,4,5,3.928739883,2.599068585,3.694901666,8.19,755,Seasonal,2,0.869807053,0.019420381,0.887775295,0.015716905,0.982629817,0.014313733,10,-0.247009039,-0.307575598,1.341188394,-0.077084805,-0.597128166,1.27824577,0.009961056
BDref,411,BrazilDry,198,HaIm|AsPy|CbLe|MiTe,4,4,3.294582698,3.488055948,4.435178694,19.69,786,Seasonal,2,0.960229376,0.01946574,0.802580021,0.015454879,1.12954887,0.014229798,10,0.129826856,-0.20960413,0.466315605,0.328840609,-0.049380818,0.537911853,0.010788591
BDref,412,BrazilDry,198,HaIm|AsPy|CbLe|MiTe,4,5,4.217523294,3.36877198,5.74331319,5.96,789,Seasonal,2,1.090459152,0.019929938,0.923141322,0.015604646,1.112070153,0.014753782,10,0.795728963,-0.222749902,1.739589222,0.913470318,-0.114545415,1.585571142,0.01216079
BDref,413,BrazilDry,199,CoVi|CbLe|MiTe|PsMa,4,5,4.165461399,2.794682696,4.333504905,8.91,763,Seasonal,2,0.949233908,0.020084305,0.917817307,0.015845692,1.019459987,0.014109641,10,0.078070106,-0.28601781,1.667765491,0.279479569,-0.45981699,1.539306261,0.01080143
BDref,414,BrazilDry,199,CoVi|CbLe|MiTe|PsMa,4,5,3.578035134,3.36882258,4.703665329,5.27,785,Seasonal,2,0.990202305,0.019330704,0.842340404,0.015245151,1.112315587,0.013868605,10,0.266499206,-0.222744326,0.857361909,0.46339559,-0.113630381,0.883423512,0.011099553
BDref,415,BrazilDry,199,CoVi|CbLe|MiTe|PsMa,4,3,2.307064619,4.718035093,3.658037538,97.11,832,Seasonal,2,0.865269062,0.018157247,0.638421434,0.01328817,1.274537818,0.013094447,10,-0.265774617,-0.074053426,-0.896048042,-0.097456831,0.49117066,-0.888601174,0.010036826
BDref,416,BrazilDry,200,CpLe|CyHa|AmCe|PiSt,4,4,2.730083135,3.364544503,3.382275298,13.25,769,Seasonal,2,0.825590729,0.018631233,0.713484197,0.014349,1.110905054,0.013911106,10,-0.406150593,-0.223215794,-0.312458678,-0.275581473,-0.118889166,-0.236317236,0.009386152
BDref,417,BrazilDry,200,CpLe|CyHa|AmCe|PiSt,4,4,2.762252382,4.809485814,4.932236519,86.66,829,Seasonal,2,1.014254229,0.019039126,0.719570581,0.014658048,1.28226232,0.013054636,10,0.382852714,-0.063975036,-0.268078515,0.57136989,0.519969346,-0.183427488,0.011401585
BDref,418,BrazilDry,201,CpLe|SeMa|AmCe|LiFe,4,3,1.838569602,69.04800243,13.18319692,39.69,790,Seasonal,2,1.466712437,0.01480244,0.544750297,0.013143138,1.925031886,0.002097418,10,4.582980401,7.015475206,-1.542376038,2.602552909,2.916359173,-1.702589042,0.014619028
BDref,419,BrazilDry,201,CpLe|SeMa|AmCe|LiFe,4,2,1.835917905,27.06419549,7.417266587,100,799,Seasonal,2,1.214360151,0.01822923,0.543486082,0.012431884,1.818982706,0.004605797,10,1.64785013,2.388620667,-1.546034275,1.46968877,2.520983922,-1.713574876,0.013551794
BDref,420,BrazilDry,201,CpLe|SeMa|AmCe|LiFe,4,2,2.151709761,1.56646802,1.410461099,98.94,843,Seasonal,2,0.454783124,0.013472126,0.609461875,0.013389379,0.73644444,0.013482888,10,-1.409896946,-0.421374059,-1.110373041,-1.940217226,-1.514962741,-1.140255319,0.004704664
BDref,421,BrazilDry,202,BaCh|LiFe|PsMa|PoGa,4,2,1.989599926,13.4443319,5.975304277,100,802,Seasonal,2,1.109001607,0.018726033,0.576302839,0.01326214,1.666704353,0.008035976,10,0.913823359,0.887634161,-1.334017095,0.996711419,1.953255898,-1.428402277,0.012829828
BDref,422,BrazilDry,202,BaCh|LiFe|PsMa|PoGa,4,2,1.851298902,3.231929046,2.059544434,100,820,Seasonal,2,0.600328848,0.015682004,0.547660041,0.013090179,1.091561242,0.014175058,10,-1.079482939,-0.237830773,-1.524814905,-1.28683091,-0.191007259,-1.677303807,0.007042412
BDref,423,BrazilDry,202,BaCh|LiFe|PsMa|PoGa,4,4,2.81257417,5.020775633,5.304777785,49.41,840,Seasonal,2,1.05081808,0.019469182,0.72788924,0.014378126,1.302891645,0.012869858,10,0.572493775,-0.040689695,-0.198655407,0.735512946,0.596880117,-0.111139614,0.011774585
BDref,424,BrazilDry,203,HaIm|AsPy|CpLe|CyHa|CbLe|AmCe|MiTe|PiSt,8,5,3.437546624,2.826641204,3.607531241,67.81,722,Seasonal,3,0.85895101,0.019524422,0.823314379,0.015010457,1.024421561,0.014117335,10,-0.291484702,-0.2824958,0.663546278,-0.125819941,-0.441319124,0.718090258,0.009750457
BDref,425,BrazilDry,203,HaIm|AsPy|CpLe|CyHa|CbLe|AmCe|MiTe|PiSt,8,4,3.675500693,3.255374143,4.64779702,28.53,732,Seasonal,3,0.983686201,0.020155174,0.856049792,0.01597077,1.094590937,0.013969173,10,0.238059604,-0.235246989,0.991823786,0.434143383,-0.179711874,1.002555992,0.011047663
BDref,426,BrazilDry,203,HaIm|AsPy|CpLe|CyHa|CbLe|AmCe|MiTe|PiSt,8,4,3.605300823,3.741680663,5.431299459,2.89,788,Seasonal,3,1.061211093,0.018873509,0.846491303,0.015764047,1.163765538,0.01362912,10,0.636899269,-0.181653242,0.894977203,0.782169438,0.078186632,0.919494186,0.011827845
BDref,427,BrazilDry,204,HaIm|AsPy|CbLe|SeMa|AnCo|BaCh|MiTe|ZiJo,8,4,3.110482416,6.787317601,8.786029318,39.89,738,Seasonal,3,1.292639868,0.017857075,0.776454271,0.014940042,1.431649754,0.011299541,10,2.344614866,0.153993287,0.212333894,1.821103395,1.07691937,0.310883085,0.014192894
BDref,428,BrazilDry,204,HaIm|AsPy|CbLe|SeMa|AnCo|BaCh|MiTe|ZiJo,8,3,2.282782714,7.162363669,5.078780129,100,833,Seasonal,3,1.02805952,0.019546439,0.633874165,0.014138093,1.453652545,0.010931604,10,0.457450317,0.195325499,-0.929546958,0.633344834,1.158950735,-0.928116249,0.011818101
BDref,429,BrazilDry,205,CoVi|CpLe|CyHa|AmCe|LiFe|PiSt|PsMa|PoGa,8,5,3.959078299,3.25666215,5.076694278,8.24,761,Seasonal,3,1.027973432,0.019398845,0.8933683,0.015832481,1.095097009,0.014121785,10,0.456388521,-0.235105044,1.383042772,0.632958367,-0.177825124,1.326848129,0.011536186
BDref,430,BrazilDry,205,CoVi|CpLe|CyHa|AmCe|LiFe|PiSt|PsMa|PoGa,8,4,3.214192076,3.511476024,4.334117748,3.61,772,Seasonal,3,0.948421303,0.018769393,0.79018941,0.01481592,1.132086022,0.014006759,10,0.078382072,-0.207023104,0.355410029,0.275831607,-0.039921744,0.430239339,0.010652981
BDref,431,BrazilDry,206,CoVi|SeMa|AnCo|BaCh|LiFe|PsMa|ZiJo|PoGa,8,4,2.911997019,5.89518304,6.660972484,67.32,764,Seasonal,3,1.162244998,0.018711614,0.744920507,0.0148845,1.373363016,0.012703254,10,1.26286079,0.05567498,-0.061493285,1.235732546,0.859613275,0.036859494,0.012901983
BDref,432,BrazilDry,206,CoVi|SeMa|AnCo|BaCh|LiFe|PsMa|ZiJo|PoGa,8,4,2.88239829,2.956327335,3.15028102,59.64,822,Seasonal,3,0.791689558,0.018665637,0.739634959,0.015082041,1.046817321,0.014414667,10,-0.524246614,-0.26820365,-0.102327203,-0.427771183,-0.357822681,-0.009071116,0.009008577
BDref,433,BrazilDry,207,HaIm|AsPy|CoVi|CpLe|CyHa|CbLe|SeMa|AmCe|AnCo|BaCh|LiFe|MiTe|PiSt|PsMa|ZiJo|PoGa,16,4,3.37172631,2.558034253,3.131695511,68.06,721,Seasonal,4,0.789883696,0.018575453,0.812713268,0.015114701,0.975108071,0.014329233,10,-0.533707514,-0.312097815,0.572741659,-0.435878089,-0.62517093,0.625968228,0.009028427
BDref,434,BrazilDry,207,HaIm|AsPy|CoVi|CpLe|CyHa|CbLe|SeMa|AmCe|AnCo|BaCh|LiFe|MiTe|PiSt|PsMa|ZiJo|PoGa,16,4,3.376329952,2.318117517,2.781588675,64.89,730,Seasonal,4,0.734454393,0.018221644,0.814458437,0.015082039,0.925948819,0.014251211,10,-0.711928393,-0.338538005,0.579092768,-0.684712251,-0.808447703,0.641133478,0.008460787
BDref,435,BrazilDry,207,HaIm|AsPy|CoVi|CpLe|CyHa|CbLe|SeMa|AmCe|AnCo|BaCh|LiFe|MiTe|PiSt|PsMa|ZiJo|PoGa,16,5,3.64806722,3.279715949,4.65151002,4.88,735,Seasonal,4,0.984847984,0.019518931,0.851146533,0.015893375,1.099473924,0.013668808,10,0.239949696,-0.232564384,0.953977019,0.439358879,-0.161506998,0.95994742,0.01104797
BDref,436,BrazilDry,207,HaIm|AsPy|CoVi|CpLe|CyHa|CbLe|SeMa|AmCe|AnCo|BaCh|LiFe|MiTe|PiSt|PsMa|ZiJo|PoGa,16,5,2.724409486,3.769342037,3.78062086,5.97,741,Seasonal,4,0.880936193,0.019113228,0.713214772,0.014030637,1.16775934,0.013758731,10,-0.203373929,-0.178604801,-0.32028595,-0.027123687,0.093076426,-0.238658499,0.010009972
BDref,437,BrazilDry,207,HaIm|AsPy|CoVi|CpLe|CyHa|CbLe|SeMa|AmCe|AnCo|BaCh|LiFe|MiTe|PiSt|PsMa|ZiJo|PoGa,16,3,2.272800952,1.918041836,1.706986745,100,744,Seasonal,4,0.524298046,0.014660549,0.632034995,0.013896589,0.833070105,0.014847697,10,-1.258951418,-0.382628623,-0.943317632,-1.62814967,-1.154720484,-0.944098352,0.00572472
BDref,438,BrazilDry,207,HaIm|AsPy|CoVi|CpLe|CyHa|CbLe|SeMa|AmCe|AnCo|BaCh|LiFe|MiTe|PiSt|PsMa|ZiJo|PoGa,16,4,2.949461312,4.749889946,5.394065084,7.41,754,Seasonal,4,1.057499304,0.018936315,0.749604899,0.014282908,1.276411932,0.013441801,10,0.617945218,-0.07054284,-0.009808165,0.765506412,0.49815778,0.077566144,0.011807252
BDref,439,BrazilDry,207,HaIm|AsPy|CoVi|CpLe|CyHa|CbLe|SeMa|AmCe|AnCo|BaCh|LiFe|MiTe|PiSt|PsMa|ZiJo|PoGa,16,4,3.018013352,3.001357714,3.367011633,34.77,765,Seasonal,4,0.823852794,0.019057118,0.760920151,0.014963994,1.054713033,0.014497566,10,-0.413920518,-0.263241046,0.084765099,-0.283383442,-0.328385686,0.175893956,0.009358575
BDref,440,BrazilDry,207,HaIm|AsPy|CoVi|CpLe|CyHa|CbLe|SeMa|AmCe|AnCo|BaCh|LiFe|MiTe|PiSt|PsMa|ZiJo|PoGa,16,5,3.723709428,2.556736749,3.435524819,26.59,782,Seasonal,4,0.834039759,0.018821014,0.861695254,0.01550913,0.974099731,0.014089651,10,-0.379044077,-0.312240808,1.058331761,-0.237651946,-0.628930248,1.051614201,0.009559734
BDref,441,BrazilDry,207,HaIm|AsPy|CoVi|CpLe|CyHa|CbLe|SeMa|AmCe|AnCo|BaCh|LiFe|MiTe|PiSt|PsMa|ZiJo|PoGa,16,3,3.136217183,1.181811218,1.210385595,99.5,800,Seasonal,4,0.402866362,0.012534974,0.778086902,0.015445341,0.610113131,0.012005758,10,-1.511744807,-0.463765429,0.247837154,-2.17328283,-1.985954338,0.325070395,0.004705717
BDref,442,BrazilDry,207,HaIm|AsPy|CoVi|CpLe|CyHa|CbLe|SeMa|AmCe|AnCo|BaCh|LiFe|MiTe|PiSt|PsMa|ZiJo|PoGa,16,4,2.652724928,4.483748993,4.322480324,85.55,813,Seasonal,4,0.946618129,0.019519041,0.701166063,0.014723734,1.250659576,0.013293518,10,0.072458074,-0.099873088,-0.419180784,0.26773677,0.402147192,-0.343359944,0.010756195
BDref,443,BrazilDry,207,HaIm|AsPy|CoVi|CpLe|CyHa|CbLe|SeMa|AmCe|AnCo|BaCh|LiFe|MiTe|PiSt|PsMa|ZiJo|PoGa,16,4,3.110662228,3.252571171,3.813232072,19.97,816,Seasonal,4,0.885009449,0.018565803,0.775357551,0.015441839,1.094245023,0.013508744,10,-0.186773285,-0.235555893,0.212581959,-0.008837953,-0.181001518,0.301352752,0.010002197
BDref,444,BrazilDry,207,HaIm|AsPy|CoVi|CpLe|CyHa|CbLe|SeMa|AmCe|AnCo|BaCh|LiFe|MiTe|PiSt|PsMa|ZiJo|PoGa,16,4,2.912753148,1.650333978,1.708463795,100,819,Seasonal,4,0.525456989,0.015186653,0.744156997,0.014846109,0.760160764,0.013685537,10,-1.25819953,-0.412131553,-0.060450142,-1.622946922,-1.426542942,0.03022471,0.005985457
BDref,445,BrazilDry,207,HaIm|AsPy|CoVi|CpLe|CyHa|CbLe|SeMa|AmCe|AnCo|BaCh|LiFe|MiTe|PiSt|PsMa|ZiJo|PoGa,16,2,2.251784518,7.255694359,4.996120931,13.49,827,Seasonal,4,1.019243136,0.018530258,0.627608757,0.014027012,1.458745514,0.011044793,10,0.41537289,0.205611072,-0.972311558,0.593766175,1.177938474,-0.982561684,0.011754478
BDref,446,BrazilDry,207,HaIm|AsPy|CoVi|CpLe|CyHa|CbLe|SeMa|AmCe|AnCo|BaCh|LiFe|MiTe|PiSt|PsMa|ZiJo|PoGa,16,3,2.63650756,5.20179724,4.946279112,87.03,842,Seasonal,4,1.013797945,0.018585037,0.697847091,0.014097214,1.317808175,0.012884984,10,0.390001055,-0.020740083,-0.441553997,0.569321534,0.652492306,-0.372201296,0.011456492
BDref,447,BrazilDry,207,HaIm|AsPy|CoVi|CpLe|CyHa|CbLe|SeMa|AmCe|AnCo|BaCh|LiFe|MiTe|PiSt|PsMa|ZiJo|PoGa,16,4,3.331306957,3.034832241,3.803503925,36.81,846,Seasonal,4,0.88372905,0.018772251,0.807132363,0.015164992,1.059938322,0.014433415,10,-0.191725371,-0.259551963,0.516979787,-0.014585944,-0.308904634,0.577471014,0.009990763
CDref,448,CADE,243,CaCa,1,5,3.769460894,3.143848779,4.571911087,-0.48,988,Humid,0,0.758144227,0.014437989,0.499327894,0.017020209,1.147860969,0.007794898,6,-0.895221204,-0.234432199,-0.871335876,-0.917546522,-0.148312454,-0.846692976,0.006853607
CDref,449,CADE,243,CaCa,1,6.5,4.892117601,2.953707076,5.580042273,6.635,1038,Humid,0,0.853897004,0.015438105,0.602835076,0.01957309,1.117376198,0.007667416,6,-0.068269974,-0.484721277,0.590200485,0.020416749,-0.465081274,0.596885924,0.007990479
CDref,450,CADE,243,CaCa,1,7,4.651536918,3.914235016,8.147332475,0.89,1088,Humid,0,1.041631969,0.015412732,0.58268139,0.01963687,1.25305033,0.007575662,6,2.037630351,0.779649711,0.276999295,1.859407813,0.944715623,0.315809432,0.008960752
CDref,451,CADE,243,CaCa,1,7,5.11445215,2.987241679,5.965881641,6.45,1105,Humid,0,0.887777761,0.015435666,0.622560088,0.01980472,1.122605877,0.008176995,6,0.248226872,-0.4405787,0.879647851,0.352301696,-0.410739416,0.871983855,0.008302049
CDref,452,CADE,243,CaCa,1,6,3.790008656,3.69845611,5.712319216,22.89,1142,Humid,0,0.86537907,0.015283756,0.50302503,0.01731436,1.226417626,0.007531653,6,0.040234338,0.495613633,-0.844585667,0.132891353,0.667973815,-0.795130309,0.007523222
CDref,453,CADE,243,CaCa,1,6,4.410883592,3.177159536,5.55985644,9.54,1166,Humid,0,0.852734433,0.014937811,0.559885888,0.019119681,1.152947681,0.007603662,6,-0.084828037,-0.190584276,-0.036296465,0.009028582,-0.095456167,-0.002111557,0.007728996
CDref,454,CADE,243,CaCa,1,4,2.743107627,6.65077145,6.766329177,12.39,1210,Humid,0,0.949030555,0.015436708,0.390825727,0.014201805,1.480356156,0.006121343,6,0.904819073,4.381832564,-2.207499112,0.952314277,3.306662168,-2.359935218,0.007460699
CDref,455,CADE,243,CaCa,1,6,4.289381047,3.090798146,5.171453978,3.16,1274,Humid,0,0.816528913,0.015198553,0.549155846,0.018132369,1.140088492,0.007839846,6,-0.40342734,-0.304264297,-0.194475173,-0.345628997,-0.22907666,-0.15175975,0.00747141
CDref,456,CADE,244,CiCa,1,6,4.243707929,3.377906975,5.809344547,2.39,993,Humid,0,0.873942719,0.014976695,0.545814142,0.017977399,1.182794872,0.008215321,6,0.11982241,0.073665442,-0.253934954,0.216778092,0.214687532,-0.198365337,0.007788651
CDref,457,CADE,244,CiCa,1,7,5.22021626,2.850083008,5.645074733,-0.16,1043,Humid,0,0.859508305,0.014652302,0.63160963,0.019960989,1.099844624,0.008009622,6,-0.014925058,-0.621124665,1.017337398,0.07538324,-0.647252773,0.998194699,0.008201943
CDref,458,CADE,244,CiCa,1,7,5.040000151,2.662186237,4.872852235,0.25,1081,Humid,0,0.788898913,0.014377703,0.615527136,0.018953661,1.065799732,0.007833648,6,-0.648364787,-0.868458674,0.782722137,-0.616283549,-1.001014992,0.773897707,0.007673736
CDref,459,CADE,244,CiCa,1,7,4.426275464,2.828258679,4.695275795,3.49,1097,Humid,0,0.770376214,0.014856382,0.562236653,0.019109876,1.09582442,0.007779193,6,-0.794027433,-0.649852667,-0.016258478,-0.797725926,-0.689026912,0.030673743,0.007266492
CDref,460,CADE,244,CiCa,1,6,4.629436791,3.12649873,5.736469739,-0.44,1154,Humid,0,0.86852242,0.01533914,0.580835863,0.018722881,1.145393898,0.0077177,6,0.060044562,-0.257270575,0.248228132,0.163682596,-0.17394791,0.290070504,0.007950145
CDref,461,CADE,244,CiCa,1,6,4.38664691,3.163751608,5.490119494,-0.45,1196,Humid,0,0.845544481,0.014935275,0.558871078,0.01810172,1.150913903,0.00752726,6,-0.142031954,-0.208233524,-0.067849113,-0.061401872,-0.116589256,-0.016264764,0.007697344
CDref,462,CADE,244,CiCa,1,6,3.00109551,3.706115244,4.219189492,-0.79,1236,Humid,0,0.720931782,0.014316831,0.419212444,0.015198537,1.227261457,0.007449737,6,-1.184552158,0.505695575,-1.87163627,-1.282067608,0.67674211,-1.964035493,0.006275319
CDref,463,CADE,244,CiCa,1,7,4.488730902,2.811285848,4.721307596,-0.27,1260,Humid,0,0.773008703,0.014214407,0.567054682,0.018798198,1.092555508,0.008078433,6,-0.772674031,-0.6721945,0.065049453,-0.771938916,-0.722994344,0.097869133,0.007300424
CDref,464,CADE,245,PiMa,1,8,5.531932875,2.778028568,5.741537168,6.15,1009,Humid,0,0.869069461,0.015111849,0.657255847,0.019572255,1.08707889,0.007597546,6,0.06420128,-0.71597203,1.423147263,0.169041236,-0.779902166,1.355873619,0.008406737
CDref,465,CADE,245,PiMa,1,6,4.536137841,3.38084207,6.308495625,3.58,1046,Humid,0,0.914510106,0.014446573,0.572576239,0.018408032,1.183584135,0.00755178,6,0.52926674,0.077528994,0.126766418,0.614163118,0.222888802,0.174876381,0.008177612
CDref,466,CADE,245,PiMa,1,8,5.257449613,3.181469281,6.826280517,5.38,1059,Humid,0,0.953648611,0.014969266,0.63399188,0.020139564,1.153537168,0.00791835,6,0.953996041,-0.184911233,1.065809828,0.997551268,-0.089330773,1.031419114,0.008757802
CDref,467,CADE,245,PiMa,1,14,4.945185418,3.003047195,5.79885512,2.5,1091,Humid,0,0.873394727,0.015248241,0.60958647,0.019364863,1.124917789,0.007783221,6,0.111218128,-0.419773437,0.659287093,0.211410145,-0.386716221,0.691045289,0.008150757
CDref,468,CADE,245,PiMa,1,6,4.949208081,3.295238018,6.733158487,3.01,1180,Humid,0,0.947362673,0.015700438,0.608245032,0.018997327,1.17091687,0.007906318,6,0.877609774,-0.035154121,0.664524017,0.935976249,0.091262601,0.672336718,0.008566666
CDref,469,CADE,245,PiMa,1,7,4.479767201,3.448985317,6.401863238,6.63,1206,Humid,0,0.92271789,0.015961471,0.566945977,0.01929192,1.193659736,0.007888208,6,0.605854453,0.16722794,0.053380013,0.694563911,0.327584899,0.096353068,0.008186698
CDref,470,CADE,245,PiMa,1,14,4.582875617,3.252329494,6.021814905,5.64,1234,Humid,0,0.891073657,0.015342364,0.576934143,0.019783503,1.164768229,0.007648328,6,0.294107886,-0.091635864,0.18761223,0.384587231,0.027371757,0.23565456,0.008070387
CDref,471,CADE,245,PiMa,1,7,4.7347658,3.282169175,6.347392201,2.45,1249,Humid,0,0.917543939,0.015132804,0.589933521,0.019241933,1.168884268,0.007874048,6,0.561172877,-0.052357021,0.38535124,0.643881558,0.070141731,0.416952403,0.008290064
CDref,472,CADE,246,ScSu,1,7,5.401429064,3.155166183,6.945165918,-0.29,1052,Humid,0,0.96264754,0.015330151,0.64521515,0.019790004,1.149852534,0.007751275,6,1.05151552,-0.219534769,1.253250211,1.085701864,-0.127617993,1.187946188,0.008875937
CDref,473,CADE,246,ScSu,1,6,3.849211712,3.810563516,6.068718275,1.84,1079,Humid,0,0.895773837,0.015076742,0.507611099,0.017774641,1.240435271,0.007464025,6,0.332581847,0.643183887,-0.767511867,0.430628677,0.813631895,-0.731169978,0.007704525
CDref,474,CADE,246,ScSu,1,6,4.337213124,3.852965356,7.235979448,0.03,1099,Humid,0,0.982048835,0.015548101,0.554105643,0.018154985,1.245214573,0.007621104,6,1.290064441,0.698998668,-0.132204739,1.27575068,0.863293868,-0.082726636,0.008452264
CDref,475,CADE,246,ScSu,1,6,4.314267608,3.423800943,6.04522859,-0.36,1181,Humid,0,0.892789694,0.015041496,0.552168877,0.018146547,1.189596791,0.007832702,6,0.313313696,0.134077013,-0.162076476,0.401396977,0.285366626,-0.109738049,0.007938141
CDref,476,CADE,246,ScSu,1,6,3.386596446,4.54362683,6.33747807,7.6,1199,Humid,0,0.915979517,0.01519296,0.46171836,0.015525266,1.321355338,0.00677902,6,0.5530405,1.608136543,-1.369769911,0.62855699,1.654476481,-1.371220158,0.007606457
CDref,477,CADE,246,ScSu,1,4,2.702019458,3.348112883,3.323923332,53.09,1231,Humid,0,0.614773351,0.013037664,0.386235013,0.014068606,1.178784446,0.007729797,6,-1.91892231,0.034446609,-2.260989954,-2.321961302,0.173014989,-2.423960321,0.00548727
CDref,478,CADE,246,ScSu,1,6,4.310607757,3.653476005,6.639849647,-0.51,1255,Humid,0,0.939489189,0.015644387,0.550706633,0.018126183,1.220458012,0.007679951,6,0.801070271,0.436405007,-0.166841072,0.858850145,0.606047164,-0.130131456,0.008184483
CDref,479,CADE,247,ErFo,1,5,3.316360672,6.469189597,9.377821716,-0.98,983,Humid,0,1.111947372,0.01565461,0.454043472,0.01606321,1.470001491,0.006263787,6,3.046977751,4.142811066,-1.461206711,2.54819479,3.199066311,-1.478259174,0.008588962
CDref,480,CADE,247,ErFo,1,6,3.769407744,5.000934948,8.46415391,2.07,1037,Humid,0,1.060907457,0.015805648,0.498439535,0.016918158,1.363251776,0.006783233,6,2.297513072,2.210104578,-0.871405069,2.048224267,2.08982453,-0.859082612,0.008550615
CDref,481,CADE,247,ErFo,1,6,4.713022339,3.919199886,8.310963663,0.92,1071,Humid,0,1.05182183,0.015823644,0.587482047,0.0190027,1.25336961,0.007483632,6,2.171853966,0.786185114,0.357044404,1.9592244,0.948033277,0.382762538,0.009037564
CDref,482,CADE,247,ErFo,1,7,5.32718994,3.026080008,6.374237322,0,1121,Humid,0,0.9196639,0.01554242,0.640885072,0.020240233,1.12920004,0.007853627,6,0.583193429,-0.389454673,1.156601629,0.664648014,-0.342219129,1.127556079,0.008611575
CDref,483,CADE,247,ErFo,1,6,3.951191818,4.879336465,8.827131051,-0.07,1187,Humid,0,1.082367809,0.015620939,0.517855944,0.018152275,1.352970159,0.006981065,6,2.595256458,2.050040943,-0.634748545,2.258442947,1.982987716,-0.588288676,0.008796912
CDref,484,CADE,247,ErFo,1,6,3.230401145,3.121359826,3.799012376,49.05,1222,Humid,0,0.673487147,0.013454448,0.443645351,0.015601383,1.144435905,0.008053393,6,-1.529215618,-0.264035065,-1.57311356,-1.746819931,-0.183902464,-1.623278172,0.006065776
CDref,485,CADE,247,ErFo,1,6,4.480903882,2.915979865,4.978463694,-0.06,1256,Humid,0,0.799335987,0.014505289,0.567386517,0.018103664,1.110924206,0.007959106,6,-0.561733675,-0.534382707,0.054859807,-0.51404535,-0.532124262,0.102497118,0.007464349
CDref,486,CADE,248,CaFi,1,8,5.130932884,2.5634958,4.661855991,1.46,1006,Humid,0,0.767742788,0.014134754,0.624329052,0.018094753,1.047480527,0.007804546,6,-0.821441075,-0.998367779,0.901103379,-0.823522117,-1.1913708,0.896654985,0.007610427
CDref,487,CADE,248,CaFi,1,6,3.424325111,4.528149903,6.417646574,14.69,1133,Humid,0,0.922631494,0.015090571,0.463556874,0.016537672,1.320027197,0.007271645,6,0.61880123,1.587763812,-1.320652656,0.693717604,1.640675698,-1.345579041,0.007626793
CDref,488,CADE,248,CaFi,1,6,3.669782363,2.309375925,2.96886969,74.95,1143,Humid,0,0.566751002,0.012432261,0.49023236,0.016690311,0.995057539,0.007905074,6,-2.210166198,-1.332873195,-1.00110288,-2.792372721,-1.736100768,-0.973545257,0.005590909
CDref,489,CADE,248,CaFi,1,6,3.671610455,4.541086116,7.156850096,13.48,1192,Humid,0,0.97695947,0.015395032,0.490643928,0.017432405,1.321062203,0.007302776,6,1.225156108,1.604792127,-0.998722969,1.225896906,1.651430493,-0.967805258,0.008080658
CDref,490,CADE,248,CaFi,1,5,2.870444143,3.567596738,3.823506936,66.21,1211,Humid,0,0.675850423,0.013928031,0.405802019,0.014369631,1.209260653,0.007747656,6,-1.509123187,0.323359619,-2.041725419,-1.723670044,0.48969483,-2.151066048,0.005959287
CDref,491,CADE,248,CaFi,1,7,4.611277928,4.308363297,9.322868653,12.33,1243,Humid,0,1.108813329,0.015388286,0.580043287,0.018910281,1.297357037,0.007265057,6,3.001900778,1.298452281,0.224587924,2.517494715,1.405108893,0.279016727,0.009331324
CDref,492,CADE,249,ElSy,1,6,4.000801904,3.724581989,6.191502429,0.89,989,Humid,0,0.905358615,0.014917767,0.524001632,0.017386294,1.229477241,0.007389987,6,0.433299401,0.530003891,-0.570163402,0.524518064,0.699766442,-0.502576888,0.00786231
CDref,493,CADE,249,ElSy,1,7,4.450216378,3.449543818,6.351155436,0.09,1042,Humid,0,0.917156238,0.015643322,0.564504237,0.018515037,1.193144561,0.007521673,6,0.564259788,0.167963112,0.014909123,0.640083767,0.322231684,0.062298961,0.008146877
CDref,494,CADE,249,ElSy,1,7,5.061256989,2.704604063,5.02002383,-0.38,1074,Humid,0,0.802632898,0.014882993,0.618141352,0.019310867,1.073828719,0.00796598,6,-0.52764267,-0.812622851,0.81039546,-0.481749877,-0.91758538,0.810357272,0.007781694
CDref,495,CADE,249,ElSy,1,7,5.247521318,3.033898925,6.295643818,2.13,1089,Humid,0,0.913388633,0.015525517,0.632876631,0.019280641,1.130434698,0.007933912,6,0.518724642,-0.379162404,1.052884627,0.603177531,-0.329389731,1.015865124,0.008516025
CDref,496,CADE,249,ElSy,1,6,3.140714622,4.914057722,6.184705827,1.31,1145,Humid,0,0.904170562,0.015044995,0.435620522,0.015394982,1.355583568,0.00704103,6,0.427724275,2.095745548,-1.689872417,0.512880278,2.010143777,-1.735197695,0.007418505
CDref,497,CADE,249,ElSy,1,6,4.526635373,2.829089922,4.808139665,-0.25,1157,Humid,0,0.78222437,0.014889565,0.572234354,0.018728344,1.096107737,0.007921516,6,-0.701447303,-0.648758478,0.114395582,-0.68166522,-0.686082948,0.170108232,0.007398185
CDref,498,CADE,249,ElSy,1,4,2.979608362,4.593145119,5.283071608,-0.1,1220,Humid,0,0.827142975,0.015658893,0.416659764,0.015325404,1.326050732,0.006941103,6,-0.311869478,1.673318913,-1.899609424,-0.241657078,1.703266556,-1.999636833,0.006895798
CDref,499,CADE,249,ElSy,1,7,4.89292476,3.010268695,5.753402555,0.55,1239,Humid,0,0.868775625,0.015251939,0.604571235,0.019577498,1.126614374,0.008022309,6,0.073934236,-0.410267566,0.591251289,0.16616291,-0.369086917,0.621099541,0.008099512
CDref,500,CADE,250,IlRo,1,7,3.891558766,3.081769201,4.615155888,-0.48,1017,Humid,0,0.762578523,0.014982455,0.510816688,0.016820852,1.137841241,0.007719241,6,-0.8597483,-0.316149361,-0.712382138,-0.874109592,-0.252427965,-0.686462742,0.006932037
CDref,501,CADE,250,IlRo,1,6,4.085222244,2.811420083,4.283584865,-0.15,1030,Humid,0,0.727565544,0.013936394,0.531009208,0.017535453,1.092620256,0.007787866,6,-1.131729833,-0.672017803,-0.460260352,-1.217085419,-0.722321547,-0.404844639,0.00683689
CDref,502,CADE,250,IlRo,1,7,4.428163713,2.737837233,4.475648582,0.67,1102,Humid,0,0.747998379,0.014253602,0.56233606,0.018839256,1.079686807,0.007966399,6,-0.974183544,-0.768877058,-0.013800251,-1.016931967,-0.856713681,0.032060147,0.00712929
CDref,503,CADE,250,IlRo,1,6,4.879551429,2.615582944,4.59058805,-0.1,1119,Humid,0,0.758831608,0.014848596,0.603697402,0.019633779,1.056845443,0.007803257,6,-0.87990084,-0.92980395,0.57384115,-0.910813157,-1.094059468,0.608912489,0.007444361
CDref,504,CADE,250,IlRo,1,6,2.825867605,3.763968545,3.962688498,0.71,1151,Humid,0,0.691628209,0.013828653,0.400021607,0.014861446,1.23431282,0.007391924,6,-1.394955144,0.581849565,-2.099757612,-1.569115943,0.750013187,-2.231683455,0.006032699
CDref,505,CADE,250,IlRo,1,7,4.620398606,2.535017994,4.152267344,-0.34,1168,Humid,0,0.713350598,0.014191926,0.5803867,0.018854694,1.041290735,0.008116773,6,-1.239447149,-1.035853947,0.236461725,-1.35633044,-1.255689247,0.283806177,0.007020614
CDref,506,CADE,250,IlRo,1,6,3.071435785,3.410093281,3.961330388,0.8,1232,Humid,0,0.692287522,0.014013522,0.426817194,0.014829139,1.187602367,0.007830413,6,-1.396069177,0.116033217,-1.780063425,-1.562657531,0.264642466,-1.857974661,0.006122712
CDref,507,CADE,250,IlRo,1,6,4.403046088,2.516760708,3.927956054,0.31,1258,Humid,0,0.688363746,0.014383509,0.560196168,0.018603246,1.038125514,0.007928402,6,-1.423445521,-1.059886546,-0.046499759,-1.601093574,-1.288579218,0.002215812,0.006749681
CDref,508,CADE,251,ErFo|PiMa,2,9,5.731784816,2.971356976,6.695636823,5.59,990,Humid,1,0.944211327,0.015670132,0.671219575,0.020808083,1.120481105,0.008047875,6,0.846831452,-0.461488198,1.683325532,0.905106678,-0.432818033,1.550620909,0.008928976
CDref,509,CADE,251,ErFo|PiMa,2,7,5.249012851,3.347346423,7.412670562,1.52,1048,Humid,1,0.994452754,0.015485356,0.634395892,0.019858123,1.178461693,0.007940596,6,1.43500087,0.033437695,1.054826386,1.397255471,0.169661245,1.037053726,0.009009711
CDref,510,CADE,251,ErFo|PiMa,2,7,4.725059705,2.865600672,5.128627539,3.43,1066,Humid,1,0.812980438,0.015359493,0.58905995,0.019451888,1.102032812,0.007670808,6,-0.43855707,-0.600698311,0.372715311,-0.380388718,-0.624515191,0.404769008,0.007669143
CDref,511,CADE,251,ErFo|PiMa,2,15,5.518037534,2.99031077,6.494325935,0.62,1082,Humid,1,0.929846903,0.015564474,0.655347252,0.020123882,1.1235851,0.007949402,6,0.681699881,-0.436538765,1.405057542,0.764397418,-0.400564258,1.329255112,0.008749163
CDref,512,CADE,251,ErFo|PiMa,2,6,4.745707927,3.366769832,6.622137002,2.67,1167,Humid,1,0.938116388,0.015534651,0.591579435,0.019153232,1.181348709,0.007793247,6,0.786540918,0.059005296,0.399596304,0.845402626,0.199660377,0.439907397,0.00842833
CDref,513,CADE,251,ErFo|PiMa,2,7,4.57334259,3.305020023,6.155615556,5.6,1198,Humid,1,0.902697919,0.014975341,0.575806191,0.01886272,1.172183299,0.007971938,6,0.403862067,-0.022277782,0.175201611,0.498454743,0.104422129,0.219923407,0.008121166
CDref,514,CADE,251,ErFo|PiMa,2,7,4.738054463,3.107894029,5.835707606,2.88,1248,Humid,1,0.875726794,0.015615767,0.589110069,0.019441125,1.142615847,0.007731057,6,0.141447536,-0.281760487,0.389632603,0.234254314,-0.202814788,0.405467997,0.008038046
CDref,515,CADE,251,ErFo|PiMa,2,6,4.134679714,3.581512811,6.115718266,6.05,1283,Humid,1,0.898826636,0.015454615,0.534590727,0.018087844,1.210843694,0.00745697,6,0.371135064,0.341677752,-0.395873892,0.460532912,0.506144289,-0.354894427,0.007863905
CDref,516,CADE,252,ErFo|CaFi,2,7,4.00541247,4.543231523,8.169398885,0.12,1000,Humid,1,1.043103849,0.016014455,0.522776642,0.017825038,1.321519332,0.007130624,6,2.055731016,1.607616189,-0.564161113,1.873825876,1.656180546,-0.519661389,0.008613732
CDref,517,CADE,252,ErFo|CaFi,2,6,4.146754453,4.940348752,9.699502558,-0.06,1033,Humid,1,1.128891598,0.015219755,0.535895805,0.017739892,1.358407023,0.007011196,6,3.310846553,2.130353198,-0.380154332,2.71417495,2.039482449,-0.336692957,0.009150824
CDref,518,CADE,252,ErFo|CaFi,2,6,4.314092909,2.729274323,4.339620523,1.74,1063,Humid,1,0.733799533,0.01365147,0.551772178,0.018171204,1.078230393,0.008181527,6,-1.085764827,-0.780148667,-0.162303909,-1.15601928,-0.871847351,-0.115270671,0.006983127
CDref,519,CADE,252,ErFo|CaFi,2,7,4.52232071,3.585146211,6.866965969,1.39,1131,Humid,1,0.957173215,0.015904804,0.571375749,0.018066677,1.211212505,0.007493391,6,0.987369559,0.346460503,0.108778516,1.032077151,0.50997662,0.158133562,0.008408338
CDref,520,CADE,252,ErFo|CaFi,2,6,3.219564256,3.660363286,4.559302635,27.32,1141,Humid,1,0.755887145,0.014238489,0.442638751,0.016161658,1.221844956,0.007618009,6,-0.905563683,0.445470936,-1.587221619,-0.939656167,0.620458966,-1.637316871,0.006588097
CDref,521,CADE,252,ErFo|CaFi,2,6,4.039752214,3.690284301,6.190411098,26.73,1158,Humid,1,0.905498937,0.015768788,0.526673698,0.017601198,1.225291053,0.007454741,6,0.432404202,0.484856842,-0.519455742,0.525892615,0.656267541,-0.465310504,0.007867529
CDref,522,CADE,252,ErFo|CaFi,2,5,3.19177502,3.020508447,3.607197845,36.83,1218,Humid,1,0.650447166,0.013882311,0.439799703,0.016355373,1.128469675,0.007982283,6,-1.686557504,-0.396788681,-1.623399178,-1.972512136,-0.349808382,-1.676912097,0.005904634
CDref,523,CADE,252,ErFo|CaFi,2,6,4.886957623,3.773736321,8.224100529,70.49,1244,Humid,1,1.046781865,0.016046061,0.603460922,0.01959293,1.235677,0.007612366,6,2.100601755,0.594707174,0.583482941,1.909854535,0.764188452,0.605614386,0.009113799
CDref,524,CADE,253,ErFo|CaCa,2,6,4.046001261,4.891144181,9.196213275,1.48,1032,Humid,1,1.103442035,0.015279201,0.527169798,0.017056878,1.354227655,0.007055955,6,2.898007731,2.065583784,-0.511320388,2.46487925,1.996054416,-0.458391569,0.008965922
CDref,525,CADE,253,ErFo|CaCa,2,15,5.638147078,2.912523472,6.35301299,2.04,1085,Humid,1,0.918649618,0.015171506,0.664609316,0.019698691,1.110523156,0.00778816,6,0.565783505,-0.538932458,1.561422765,0.654712436,-0.536291588,1.458429908,0.008739287
CDref,526,CADE,253,ErFo|CaCa,2,7,3.841739823,3.921626992,6.291602996,4.85,1110,Humid,1,0.913203079,0.015027428,0.506561643,0.016914329,1.25379569,0.007549217,6,0.515410031,0.789379985,-0.777239183,0.601359896,0.952460693,-0.745806387,0.007796156
CDref,527,CADE,253,ErFo|CaCa,2,7,4.537995001,3.423499759,6.432480322,2.49,1165,Humid,1,0.924437064,0.015526695,0.572062762,0.017890639,1.189357454,0.00795962,6,0.630969077,0.133680556,0.129184172,0.711404391,0.282879661,0.167715093,0.008221996
CDref,528,CADE,253,ErFo|CaCa,2,7,5.071324447,3.191224353,6.58000387,1.61,1273,Humid,1,0.936185761,0.015554998,0.617484448,0.020191184,1.154855888,0.007641906,6,0.751979895,-0.172070347,0.823501831,0.826490825,-0.075627885,0.801195657,0.00854242
CDref,529,CADE,253,ErFo|CaCa,2,6,3.707658699,4.937629711,8.105635701,6.43,1280,Humid,1,1.038261862,0.015319434,0.493774234,0.017001631,1.358139199,0.006945513,6,2.003427264,2.126774045,-0.951793379,1.826395339,2.036699472,-0.924147965,0.008429411
CDref,530,CADE,254,ErFo|ScSu,2,6,4.01357432,4.547904337,8.206324401,1.19,994,Humid,1,1.045625369,0.015734266,0.523876717,0.01715905,1.321689521,0.007316163,6,2.086020329,1.61376715,-0.553535567,1.89852587,1.657948988,-0.504319033,0.008633299
CDref,531,CADE,254,ErFo|ScSu,2,6,3.893290585,4.274445366,7.203213688,0.51,1055,Humid,1,0.979991171,0.015466311,0.511672483,0.017311242,1.293707449,0.007212825,6,1.263187299,1.253805118,-0.710127561,1.255594469,1.367185835,-0.674527265,0.008201408
CDref,532,CADE,254,ErFo|ScSu,2,7,5.168346352,3.738201725,8.722254744,0.29,1113,Humid,1,1.076595678,0.015743254,0.627425021,0.019992947,1.231568181,0.007491394,6,2.509228377,0.547931947,0.949810293,2.201901009,0.721493502,0.939833403,0.009434879
CDref,533,CADE,254,ErFo|ScSu,2,6,4.719113425,3.635077576,7.408064813,1.94,1118,Humid,1,0.995172674,0.01590036,0.588471008,0.019416686,1.21787396,0.007796718,6,1.43122286,0.412186617,0.364974116,1.404307573,0.57919615,0.396555235,0.008721724
CDref,534,CADE,254,ErFo|ScSu,2,6,3.407523381,3.963669222,5.410767749,-0.31,1136,Humid,1,0.839042316,0.015156556,0.462614927,0.016362696,1.258711994,0.007426414,6,-0.207122712,0.8447214,-1.342526073,-0.125094981,1.003546266,-1.358716045,0.007156025
CDref,535,CADE,254,ErFo|ScSu,2,6,4.134880164,3.269793253,5.374525469,0.62,1161,Humid,1,0.836271993,0.01546625,0.536216645,0.017938173,1.167062307,0.008028538,6,-0.236851579,-0.068647808,-0.395612935,-0.152232166,0.051209643,-0.332218311,0.007519978
CDref,536,CADE,254,ErFo|ScSu,2,4,3.291369489,3.852185137,4.986032645,53.6,1223,Humid,1,0.799568284,0.015036745,0.450593521,0.015508293,1.245223846,0.007356039,6,-0.555525005,0.697971643,-1.49374161,-0.511769839,0.863390216,-1.526374452,0.006873369
CDref,537,CADE,254,ErFo|ScSu,2,6,4.172438298,3.434998004,5.828694659,-0.58,1259,Humid,1,0.874753169,0.015374727,0.538883168,0.018310002,1.191344437,0.007453957,6,0.135694946,0.148816032,-0.346717687,0.224717005,0.303526504,-0.295029235,0.007761904
CDref,538,CADE,255,ErFo|ElSy,2,6,4.826856022,3.273337441,6.466898982,-0.55,1012,Humid,1,0.926182544,0.015516757,0.59804894,0.019247798,1.167488606,0.00749302,6,0.659202063,-0.06398249,0.505239365,0.728502548,0.055639337,0.53013535,0.008391096
CDref,539,CADE,255,ErFo|ElSy,2,7,3.471226102,5.666736247,8.66021851,-0.23,1027,Humid,1,1.071756288,0.016358185,0.469976355,0.016134609,1.416001676,0.006960226,6,2.45834121,3.086518279,-1.259594361,2.154495913,2.637951454,-1.256048761,0.008469184
CDref,540,CADE,255,ErFo|ElSy,2,7,4.464851393,2.96752003,5.091108658,2.07,1061,Humid,1,0.809283509,0.015278389,0.565576976,0.018491539,1.11936259,0.007626942,6,-0.469333109,-0.466538882,0.033961792,-0.416602631,-0.444440575,0.077260085,0.007513916
CDref,541,CADE,255,ErFo|ElSy,2,7,5.916768663,2.599608515,5.465367869,1.01,1122,Humid,1,0.844004055,0.015288622,0.686381971,0.020663015,1.0538003,0.007946724,6,-0.162335251,-0.950831558,1.924147697,-0.076491389,-1.125701713,1.762085616,0.008432356
CDref,542,CADE,255,ErFo|ElSy,2,6,4.642233253,2.767771222,4.772613897,0.79,1176,Humid,1,0.778854204,0.0149343,0.581661964,0.018299943,1.085363751,0.008096713,6,-0.730588428,-0.729474074,0.264887272,-0.714678282,-0.797724268,0.301591851,0.007424623
CDref,543,CADE,255,ErFo|ElSy,2,6,2.793182621,7.157375166,7.550703512,-0.37,1208,Humid,1,1.004804041,0.015168425,0.395474824,0.014377667,1.508035668,0.00595139,6,1.548226727,5.048689835,-2.142308726,1.498653333,3.594281409,-2.295095875,0.007733004
CDref,544,CADE,255,ErFo|ElSy,2,4,2.839062887,4.506697618,4.811541976,0.02,1226,Humid,1,0.782752123,0.014705775,0.402122023,0.014069848,1.317576433,0.007401484,6,-0.69865645,1.559525542,-2.082579267,-0.676495519,1.615209682,-2.202389693,0.006600095
CDref,545,CADE,255,ErFo|ElSy,2,6,4.468650456,2.985703558,5.142638027,-0.24,1246,Humid,1,0.814284822,0.014607128,0.565675894,0.018487341,1.122519089,0.00768882,6,-0.427064528,-0.442603373,0.038907622,-0.36761139,-0.411641228,0.078639659,0.007542723
CDref,546,CADE,256,ErFo|IlRo,2,7,4.482950907,3.455186425,6.424788189,1.23,982,Humid,1,0.922834071,0.015920122,0.566692081,0.018373034,1.193773028,0.007777126,6,0.624659364,0.17539064,0.057524737,0.695701986,0.328762115,0.09281207,0.008184039
CDref,547,CADE,256,ErFo|IlRo,2,7,4.659871362,2.775823509,4.812543479,1.18,1034,Humid,1,0.783075218,0.014490179,0.583726533,0.018985139,1.086388845,0.008063489,6,-0.697834936,-0.718874613,0.287849534,-0.67333059,-0.787072462,0.330385674,0.007460103
CDref,548,CADE,256,ErFo|IlRo,2,8,5.467417066,2.190063343,3.787650932,0.86,1084,Humid,1,0.671624907,0.014031407,0.651812686,0.02055415,0.967950537,0.007745281,6,-1.538535199,-1.489927832,1.339157028,-1.765061829,-2.017771022,1.279959732,0.007172135
CDref,549,CADE,256,ErFo|IlRo,2,7,5.443859973,2.46801264,4.621980077,0.81,1104,Humid,1,0.762999091,0.015025682,0.650516295,0.019490962,1.028307472,0.00833433,6,-0.854150545,-1.124055052,1.308489106,-0.869989843,-1.390599005,1.261879416,0.007741938
CDref,550,CADE,256,ErFo|IlRo,2,5,2.814424888,3.693453351,3.865052576,0.48,1149,Humid,1,0.680953805,0.013779378,0.398586474,0.014504016,1.225820774,0.007671003,6,-1.475044072,0.489028355,-2.114654372,-1.673678956,0.661771899,-2.251698773,0.005957481
CDref,551,CADE,256,ErFo|IlRo,2,7,4.646065601,2.461172783,3.988433811,-0.41,1183,Humid,1,0.694695272,0.013580732,0.58175549,0.019069211,1.026943926,0.007983257,6,-1.373836744,-1.133058556,0.269876433,-1.539071987,-1.40476768,0.302896231,0.006911698
CDref,552,CADE,256,ErFo|IlRo,2,6,3.256918636,3.085613372,3.782730679,2.33,1213,Humid,1,0.671477703,0.013826359,0.447177053,0.015912419,1.138684674,0.007917893,6,-1.542571191,-0.311089166,-1.538591629,-1.766503788,-0.24366381,-1.574022749,0.006074249
CDref,553,CADE,256,ErFo|IlRo,2,7,4.343224914,2.504327263,3.850565858,0.7,1278,Humid,1,0.678758258,0.014278139,0.555175889,0.018230025,1.035491824,0.008269323,6,-1.486927257,-1.076253053,-0.12437826,-1.695185832,-1.315946029,-0.067800286,0.006667195
CDref,554,CADE,257,ErFo|CiCa,2,6,4.386092919,3.096743182,5.318305701,0.36,1005,Humid,1,0.830632139,0.01538022,0.55817632,0.018516815,1.141087,0.007708989,6,-0.282967608,-0.296438672,-0.068570329,-0.207478357,-0.21870111,-0.025954313,0.007602762
CDref,555,CADE,257,ErFo|CiCa,2,7,4.595405262,2.905254319,5.086068613,3.22,1039,Humid,1,0.809602818,0.014796359,0.577688295,0.01891104,1.108947746,0.007961615,6,-0.473467364,-0.548501057,0.203924013,-0.413474789,-0.552661753,0.246172459,0.007582347
CDref,556,CADE,257,ErFo|CiCa,2,15,4.619999933,3.707917645,7.430082775,1.12,1060,Humid,1,0.996075499,0.015284794,0.579632065,0.018505774,1.227089526,0.007592186,6,1.449283784,0.508068128,0.235942711,1.413151356,0.674955571,0.273281556,0.008675113
CDref,557,CADE,257,ErFo|CiCa,2,8,5.778248848,2.543194658,5.141343638,1.32,1123,Humid,1,0.81286155,0.015042982,0.676392118,0.020826054,1.042361496,0.007801787,6,-0.428126291,-1.025090766,1.743814969,-0.381553299,-1.244562915,1.622760578,0.00819285
CDref,558,CADE,257,ErFo|CiCa,2,6,4.176724132,3.091136237,5.019231655,-0.61,1194,Humid,1,0.802317812,0.014931288,0.539157417,0.017343228,1.139690833,0.007868283,6,-0.528292476,-0.303819258,-0.341138152,-0.484836349,-0.233208757,-0.291204381,0.007332061
CDref,559,CADE,257,ErFo|CiCa,2,5,2.996617616,3.141900081,3.512859382,-0.81,1227,Humid,1,0.638601814,0.013686462,0.418649156,0.014621259,1.147885661,0.007648558,6,-1.763941588,-0.236997327,-1.87746584,-2.088545383,-0.148055873,-1.971891465,0.005746398
CDref,560,CADE,257,ErFo|CiCa,2,7,4.689849164,2.812121797,4.942395872,-0.26,1245,Humid,1,0.79506069,0.014455416,0.587128671,0.019344856,1.093226705,0.007763396,6,-0.591319437,-0.671094116,0.326876288,-0.555924774,-0.716019909,0.377834121,0.007564885
CDref,561,CADE,258,PiMa|ScSu,2,6,4.458825495,2.755867889,4.551303965,2.64,1003,Humid,1,0.756293998,0.014345721,0.565981279,0.018565302,1.083201961,0.00773157,6,-0.912124843,-0.745142779,0.026116946,-0.935670771,-0.820187539,0.082898757,0.007205813
CDref,562,CADE,258,PiMa|ScSu,2,7,5.548037178,2.680343823,5.416023528,0.94,1050,Humid,1,0.839039734,0.01541162,0.658281239,0.019932714,1.06926292,0.007850637,6,-0.202811495,-0.844557313,1.444112732,-0.125120265,-0.965028829,1.370174416,0.008241346
CDref,563,CADE,258,PiMa|ScSu,2,7,4.855447858,2.766022236,4.990875469,4.98,1062,Humid,1,0.800328422,0.014029634,0.600906443,0.019645901,1.084923055,0.007424081,6,-0.551552527,-0.731776315,0.542461793,-0.504323773,-0.802303561,0.569987955,0.007666231
CDref,564,CADE,258,PiMa|ScSu,2,7,5.49489382,3.076220838,6.78412177,0.73,1077,Humid,1,0.950623623,0.015291006,0.653819986,0.019653872,1.13695475,0.00817756,6,0.919414006,-0.323452833,1.37492778,0.967919455,-0.261639533,1.307954851,0.008863699
CDref,565,CADE,258,PiMa|ScSu,2,7,5.02962204,3.0048523,5.913561625,0.8,1164,Humid,1,0.88309873,0.01486813,0.616198387,0.018984039,1.125928517,0.007568246,6,0.205309737,-0.417397325,0.76921134,0.306467426,-0.376213691,0.783259408,0.008248766
CDref,566,CADE,258,PiMa|ScSu,2,6,4.587383509,3.399369932,6.448882213,7.08,1201,Humid,1,0.925636168,0.015716197,0.576897113,0.018784952,1.185980968,0.007599661,6,0.644423243,0.10191776,0.193480853,0.723150427,0.247794422,0.235138124,0.008260966
CDref,567,CADE,258,PiMa|ScSu,2,5,3.753777362,3.520556043,5.284902147,10.08,1224,Humid,1,0.827744444,0.01516351,0.498512731,0.017151093,1.202547439,0.007693934,6,-0.310367921,0.261438578,-0.891753562,-0.235765281,0.419937479,-0.858061772,0.007268104
CDref,568,CADE,258,PiMa|ScSu,2,7,5.067025484,3.026517599,6.03187713,3.09,1242,Humid,1,0.891408965,0.01499736,0.619239468,0.01940416,1.129159056,0.007926243,6,0.302361742,-0.388878659,0.817905204,0.387871801,-0.342644989,0.825672318,0.008320331
CDref,569,CADE,259,ElSy|IlRo,2,7,5.704903802,2.667421773,5.520324314,-0.35,1049,Humid,1,0.848907088,0.015132199,0.669879318,0.02079677,1.067013142,0.007830508,6,-0.117255503,-0.861566985,1.648330347,-0.028462852,-0.98840639,1.531928815,0.008363673
CDref,570,CADE,259,ElSy|IlRo,2,8,6.305516478,2.631266208,5.938843702,-0.26,1083,Humid,1,0.883862486,0.01539952,0.715641282,0.020985786,1.060115684,0.008092618,6,0.226048154,-0.909159612,2.430241022,0.313948932,-1.060078227,2.17015511,0.0088602
CDref,571,CADE,259,ElSy|IlRo,2,5,3.036761424,4.578125854,5.418591298,-0.01,1109,Humid,1,0.83914629,0.014850315,0.423500491,0.01530843,1.324640992,0.00730474,6,-0.200705201,1.653548616,-1.825204418,-0.124076483,1.688617875,-1.904231571,0.006999352
CDref,572,CADE,259,ElSy|IlRo,2,7,5.034727084,2.874485955,5.510589226,-0.14,1169,Humid,1,0.84753941,0.015479107,0.616903371,0.018528878,1.103728719,0.008168719,6,-0.125241014,-0.589002353,0.775857368,-0.041860188,-0.606892931,0.793091585,0.008047676
CDref,573,CADE,259,ElSy|IlRo,2,6,2.765467123,5.933180132,6.117802797,-0.46,1205,Humid,1,0.899413123,0.015283982,0.392919179,0.014289594,1.435810058,0.006556622,6,0.372844966,3.437246148,-2.178390288,0.46627794,2.843781371,-2.330738565,0.00720929
CDref,574,CADE,259,ElSy|IlRo,2,4,2.999966351,3.847503829,4.394185063,0.49,1217,Humid,1,0.739440341,0.014101464,0.419044401,0.014543564,1.244944025,0.007167079,6,-1.041006551,0.6918095,-1.873106272,-1.100763743,0.860482583,-1.966379124,0.006390255
CDref,575,CADE,259,ElSy|IlRo,2,7,5.041457881,2.532458029,4.4958148,0.48,1265,Humid,1,0.749135945,0.014527171,0.616501605,0.018314988,1.041088194,0.008152948,6,-0.957641571,-1.039223704,0.78461989,-1.005788745,-1.257793861,0.787488286,0.007455595
CDref,576,CADE,260,PiMa|ElSy,2,6,4.5198917,3.142183226,5.624290915,2.07,997,Humid,1,0.857408582,0.014980635,0.570826415,0.019001833,1.147499212,0.00762876,6,-0.031973637,-0.236624615,0.105616297,0.054815031,-0.152071492,0.150472198,0.00783177
CDref,577,CADE,260,PiMa|ElSy,2,7,4.784226406,3.192311791,6.153019618,3.02,1020,Humid,1,0.902153059,0.015378362,0.593890473,0.019206355,1.155380156,0.007670013,6,0.401732668,-0.17063892,0.449741782,0.493117473,-0.070180189,0.472138644,0.008220853
CDref,578,CADE,260,PiMa|ElSy,2,8,5.146983831,3.099334425,6.381158866,3.34,1069,Humid,1,0.919759141,0.014908661,0.626669059,0.020432502,1.140613473,0.00810323,6,0.588871043,-0.293027743,0.921999386,0.665580967,-0.223621556,0.929290255,0.008531089
CDref,579,CADE,260,PiMa|ElSy,2,7,4.842128401,2.91322986,5.401116545,-0.21,1078,Humid,1,0.838133772,0.015599364,0.598745703,0.019028954,1.11050761,0.007958436,6,-0.215039415,-0.538002619,0.52512179,-0.13399478,-0.536453128,0.539852856,0.00787307
CDref,580,CADE,260,PiMa|ElSy,2,6,4.654078828,3.125520667,5.768513506,0.22,1155,Humid,1,0.87041282,0.014535833,0.58344428,0.019021565,1.14536042,0.00764313,6,0.086329467,-0.258558028,0.280308494,0.182200347,-0.174295786,0.326449194,0.007985545
CDref,581,CADE,260,PiMa|ElSy,2,6,4.380560237,3.883457782,7.419590305,0.58,1191,Humid,1,0.995941992,0.015032517,0.558961999,0.018265337,1.249321999,0.007437881,6,1.440677006,0.739136739,-0.075773079,1.411843557,0.905974336,-0.014996718,0.008562832
CDref,582,CADE,260,PiMa|ElSy,2,6,3.920653015,3.673070862,5.9152886,1.54,1229,Humid,1,0.88220652,0.015282345,0.51438327,0.01727588,1.223477878,0.007754589,6,0.206726343,0.46219829,-0.674505642,0.297727624,0.637426747,-0.636720855,0.007669191
CDref,583,CADE,260,PiMa|ElSy,2,6,4.35206178,3.226757849,5.600375146,0.7,1271,Humid,1,0.856140009,0.014922733,0.556183295,0.01847882,1.160691032,0.00774953,6,-0.051591297,-0.125296568,-0.112873941,0.0423885,-0.014994609,-0.053750341,0.007744819
CDref,584,CADE,261,PiMa|IlRo,2,6.5,4.270695228,2.780944412,4.31498352,-0.205,992,Humid,1,0.730927021,0.014162223,0.548951844,0.018517976,1.087419887,0.007873996,6,-1.105974101,-0.712133819,-0.218801401,-1.184157481,-0.776358851,-0.154604889,0.007024314
CDref,585,CADE,261,PiMa|IlRo,2,6,4.310050964,3.050148724,5.099982157,1.58,1025,Humid,1,0.810649079,0.014893612,0.551594378,0.018746363,1.133044783,0.007735918,6,-0.462054344,-0.357772319,-0.167565936,-0.403225952,-0.302268206,-0.11775039,0.007444517
CDref,586,CADE,261,PiMa|IlRo,2,6,4.708140119,2.346185496,3.748001633,1.01,1072,Humid,1,0.666934255,0.013418365,0.587758625,0.019126684,1.002534781,0.008037872,6,-1.57105878,-1.284419681,0.350688461,-1.81100994,-1.658404359,0.38661988,0.006768549
CDref,587,CADE,261,PiMa|IlRo,2,16,5.884231795,2.691151627,5.780550248,0.33,1075,Humid,1,0.870586881,0.015381807,0.683324899,0.019761993,1.070890248,0.007797482,6,0.096202983,-0.830330685,1.881789409,0.183905391,-0.94811918,1.719449686,0.008571768
CDref,588,CADE,261,PiMa|IlRo,2,6,4.721486127,2.999853951,5.501971623,1.3,1186,Humid,1,0.846712691,0.015608492,0.589474919,0.019273886,1.125053335,0.007802759,6,-0.132309874,-0.423976798,0.36806303,-0.049958465,-0.385307757,0.410556435,0.007883078
CDref,589,CADE,261,PiMa|IlRo,2,6,4.433078402,2.919538716,4.930565739,1.46,1197,Humid,1,0.79462511,0.015254754,0.562213374,0.018268841,1.11142554,0.008084921,6,-0.601023475,-0.529698088,-0.007402038,-0.560191579,-0.526914878,0.030349084,0.007400622
CDref,590,CADE,261,PiMa|IlRo,2,7,4.918983391,2.865641893,5.350582897,1.14,1277,Humid,1,0.833273852,0.014970674,0.606757714,0.019716458,1.101966663,0.007928019,6,-0.256491225,-0.60064405,0.625175851,-0.181600991,-0.625202552,0.6515936,0.007898941
CDref,591,CADE,261,PiMa|IlRo,2,7,4.395345286,3.313315068,5.892138675,2.07,1287,Humid,1,0.880666858,0.014976576,0.560271978,0.018066834,1.174103885,0.007428952,6,0.18773689,-0.011358772,-0.056525088,0.282645591,0.124379045,0.003273107,0.007918865
CDref,592,CADE,262,CaFi|CaCa,2,6,4.448335131,4.277589238,8.751520134,2.92,1015,Humid,1,1.078214723,0.015285806,0.56478118,0.018481414,1.294420354,0.007310377,6,2.533234232,1.257943488,0.012460012,2.217760658,1.374593676,0.066161382,0.009059137
CDref,593,CADE,262,CaFi|CaCa,2,6,4.405197432,3.522802534,6.470201571,0.35,1054,Humid,1,0.926690705,0.015330295,0.559683618,0.019386897,1.203253847,0.007604278,6,0.661911115,0.2643957,-0.043699021,0.733480329,0.427277794,-0.004932551,0.008166166
CDref,594,CADE,262,CaFi|CaCa,2,7,4.622184737,3.431790148,6.604063795,0.52,1065,Humid,1,0.936759279,0.015387265,0.5801002,0.018595817,1.190484388,0.007691662,6,0.771715803,0.144593437,0.238787009,0.832108823,0.294589697,0.279810462,0.00834776
CDref,595,CADE,262,CaFi|CaCa,2,7,5.318755007,2.849595455,5.755082477,1.69,1092,Humid,1,0.868976512,0.015138752,0.638857719,0.020099061,1.099650789,0.007583429,6,0.075312245,-0.621766445,1.145620568,0.168130734,-0.649266918,1.099281294,0.008294169
CDref,596,CADE,262,CaFi|CaCa,2,6,3.717949242,3.484800381,5.15196582,9,1156,Humid,1,0.815743273,0.015368449,0.494766688,0.017335456,1.198222723,0.00751409,6,-0.419413113,0.214372355,-0.938396583,-0.353324873,0.374999135,-0.910306545,0.007179865
CDref,597,CADE,262,CaFi|CaCa,2,6,4.023262566,3.14192897,4.922023174,6.92,1159,Humid,1,0.793181792,0.014722633,0.524211827,0.017775797,1.147075188,0.00758759,6,-0.608030782,-0.236959299,-0.540922875,-0.574329852,-0.156477544,-0.499645362,0.007188769
CDref,598,CADE,262,CaFi|CaCa,2,6,4.271199975,3.878380136,7.155803794,0.55,1250,Humid,1,0.977170368,0.015171602,0.547216327,0.018311692,1.248577668,0.007339288,6,1.224297846,0.732452885,-0.218144294,1.227962802,0.898239961,-0.178809545,0.008376422
CDref,599,CADE,262,CaFi|CaCa,2,6,3.372730807,3.734639583,4.962445558,20.86,1279,Humid,1,0.796760623,0.015064306,0.459525908,0.015890423,1.230711599,0.007491252,6,-0.574873053,0.543242996,-1.387820963,-0.539272781,0.712592716,-1.401797525,0.006903871
CDref,600,CADE,263,CaFi|ScSu,2,6,3.089684667,4.361029753,5.266239458,65.41,985,Humid,1,0.825983461,0.014893153,0.428166353,0.015667663,1.302863748,0.007206082,6,-0.325676577,1.367778676,-1.756306025,-0.253015304,1.462329415,-1.839158412,0.006925973
CDref,601,CADE,263,CaFi|ScSu,2,7,4.903828887,3.004412657,5.749704523,0.53,1047,Humid,1,0.869250872,0.015572798,0.603643572,0.018973503,1.125457003,0.008002756,6,0.070900809,-0.41797604,0.605446882,0.170818282,-0.381113214,0.608161747,0.008076312
CDref,602,CADE,263,CaFi|ScSu,2,6,4.839670275,3.080290604,5.894325889,0.04,1080,Humid,1,0.880909584,0.015340667,0.598787026,0.019506611,1.137701596,0.007902968,6,0.189531021,-0.318095681,0.521921666,0.285023258,-0.253879023,0.540429174,0.008124545
CDref,603,CADE,263,CaFi|ScSu,2,6,3.606498898,4.158118157,6.221314368,3.27,1140,Humid,1,0.908100415,0.015905728,0.48282469,0.01656533,1.281190598,0.007375919,6,0.457753579,1.100680214,-1.083488782,0.551375849,1.23712259,-1.076857462,0.007642059
CDref,604,CADE,263,CaFi|ScSu,2,5,3.559585139,5.469908869,8.64912149,-0.89,1189,Humid,1,1.071742707,0.015965373,0.478623735,0.016409454,1.40203392,0.006526842,6,2.449238532,2.827428651,-1.144563698,2.154362875,2.492811783,-1.135446738,0.008514848
CDref,605,CADE,263,CaFi|ScSu,2,6,3.790852027,2.748473442,3.847063495,37.85,1237,Humid,1,0.678558907,0.013944833,0.502564307,0.016774662,1.081830535,0.007965118,6,-1.48980018,-0.754876305,-0.84348772,-1.697138606,-0.834438095,-0.801555843,0.006387914
CDref,606,CADE,263,CaFi|ScSu,2,6,4.981285491,3.022323455,5.905785651,0.45,1262,Humid,1,0.881650345,0.015821851,0.610772841,0.019157031,1.128380489,0.008055747,6,0.198931251,-0.394399533,0.706284157,0.292279511,-0.350735121,0.707591195,0.008199234
CDref,607,CADE,264,CaCa|ScSu,2,8,4.48126609,3.903684827,7.711809521,1.65,1008,Humid,1,1.01472662,0.015409984,0.567211356,0.018558872,1.251606948,0.007643113,6,1.680378985,0.765762189,0.055331349,1.595851706,0.929717361,0.100054215,0.008709819
CDref,608,CADE,264,CaCa|ScSu,2,6,3.290309072,5.599935696,7.781658393,0.39,1036,Humid,1,1.018861379,0.015608696,0.450456927,0.015424926,1.411659831,0.006683614,6,1.737674714,2.998586762,-1.49512212,1.63635447,2.592835115,-1.528279473,0.008085173
CDref,609,CADE,264,CaCa|ScSu,2,6,4.189050878,3.349822093,5.65041172,2.5,1112,Humid,1,0.859189625,0.01524329,0.541114601,0.018760526,1.178882842,0.008196326,6,-0.010547227,0.036696492,-0.325090515,0.072261554,0.174037425,-0.263908213,0.007688488
CDref,610,CADE,264,CaCa|ScSu,2,7,5.405772007,3.046409917,6.55204681,4.84,1126,Humid,1,0.932963776,0.015395777,0.646656501,0.020587739,1.132659067,0.007800918,6,0.72904724,-0.362693819,1.258904093,0.7949293,-0.306276199,1.208048205,0.008723658
CDref,611,CADE,264,CaCa|ScSu,2,6,4.816221418,2.992765357,5.602492997,2.7,1184,Humid,1,0.856216413,0.015294931,0.596379274,0.018895876,1.12390643,0.007954916,6,-0.049854063,-0.433307721,0.491394652,0.043136925,-0.397225306,0.506849091,0.007964869
CDref,612,CADE,264,CaCa|ScSu,2,7,3.495327327,4.029065096,5.719643996,37.91,1225,Humid,1,0.866691298,0.015622621,0.472194044,0.016835903,1.266516775,0.007476375,6,0.046242719,0.9308039,-1.228218058,0.145745515,1.084646148,-1.225119413,0.007362986
CDref,613,CADE,264,CaCa|ScSu,2,6,3.891487688,3.700337655,5.917272051,2.29,1270,Humid,1,0.882953747,0.015887017,0.512677372,0.017795315,1.226336207,0.00756299,6,0.208353331,0.498090366,-0.712474672,0.305047216,0.667127794,-0.660512427,0.007666922
CDref,614,CADE,265,CaCa|ElSy,2,6,4.600409359,3.817541811,7.724788724,0.35,1002,Humid,1,1.014283359,0.016046638,0.57841365,0.019208088,1.240974794,0.007575576,6,1.691025584,0.65236962,0.210438622,1.591509663,0.819238101,0.256288736,0.008784119
CDref,615,CADE,265,CaCa|ElSy,2,8,4.88180027,3.33430456,6.748887724,0.46,1056,Humid,1,0.947156556,0.015074217,0.603012418,0.01830745,1.176869499,0.007871457,6,0.890512174,0.01627031,0.576768815,0.933957192,0.15311668,0.599359258,0.008549
CDref,616,CADE,265,CaCa|ElSy,2,7,5.656551896,2.667325386,5.474074055,1.48,1094,Humid,1,0.843962622,0.015053715,0.666230005,0.020545364,1.066545476,0.008136463,6,-0.155193729,-0.861693862,1.585383171,-0.076897245,-0.993265935,1.48103311,0.008313383
CDref,617,CADE,265,CaCa|ElSy,2,7,3.464424953,4.93781248,7.27359461,0.61,1148,Humid,1,0.984857057,0.015680827,0.468798183,0.016183739,1.358186043,0.006991407,6,1.320919458,2.127014629,-1.268448472,1.303259116,2.037186227,-1.272480313,0.008003393
CDref,618,CADE,265,CaCa|ElSy,2,6,4.275985465,3.007846907,4.953504388,-0.27,1160,Humid,1,0.796436836,0.014831052,0.548062123,0.018326578,1.125878986,0.007668971,6,-0.582207329,-0.413455436,-0.211914279,-0.542444496,-0.376728373,-0.167013532,0.007336238
CDref,619,CADE,265,CaCa|ElSy,2,5,3.636460358,3.565502645,5.161713037,5.85,1228,Humid,1,0.81573129,0.014741253,0.486344947,0.016893398,1.20887295,0.007519308,6,-0.411417653,0.320603103,-1.044483302,-0.353442257,0.485666187,-1.027761654,0.007139107
CDref,620,CADE,265,CaCa|ElSy,2,6,4.510403531,2.666924891,4.382651604,0.2,1257,Humid,1,0.739318997,0.014403207,0.569731415,0.018738117,1.06628628,0.007777804,6,-1.050467232,-0.862221045,0.093264076,-1.101952396,-0.995959249,0.13520061,0.007107009
CDref,621,CADE,266,CaCa|IlRo,2,5,3.662856779,3.198373649,4.523983283,0.07,984,Humid,1,0.753149783,0.014486533,0.490040597,0.016954521,1.156729271,0.007945453,6,-0.934535489,-0.16265952,-1.010118987,-0.966470477,-0.056161473,-0.976219706,0.006793597
CDref,622,CADE,266,CaCa|IlRo,2,7,4.361657941,3.215837352,5.586878396,0.43,1021,Humid,1,0.853422208,0.014870297,0.55637208,0.018280102,1.159097969,0.007700602,6,-0.062662429,-0.139671537,-0.100381129,0.015765802,-0.031548204,-0.051117422,0.007733661
CDref,623,CADE,266,CaCa|IlRo,2,8,4.817544319,3.010876239,5.657593945,2.08,1070,Humid,1,0.860089192,0.015540332,0.596431525,0.019410386,1.127297124,0.007817296,6,-0.004655782,-0.409467838,0.493116877,0.081073422,-0.361992424,0.507577817,0.007996744
CDref,624,CADE,266,CaCa|IlRo,2,8,6.305640933,2.688078145,6.177225524,0.73,1076,Humid,1,0.903714391,0.015313836,0.715339587,0.020858905,1.070718791,0.008135959,6,0.421588322,-0.834376399,2.430403045,0.508411777,-0.949900803,2.165947477,0.008971503
CDref,625,CADE,266,CaCa|IlRo,2,6,4.559818637,2.728125449,4.58489594,1.2,1162,Humid,1,0.759372842,0.014725781,0.574254381,0.018708265,1.077916804,0.007955627,6,-0.884569971,-0.781660963,0.157595383,-0.905511405,-0.875105871,0.198280846,0.007264917
CDref,626,CADE,266,CaCa|IlRo,2,6,3.625112741,3.647005762,5.293095657,0.16,1200,Humid,1,0.828552895,0.014648216,0.485547411,0.016462093,1.219784505,0.00774433,6,-0.303646937,0.427888037,-1.059256255,-0.22784596,0.599048722,-1.038884619,0.007210937
CDref,627,CADE,266,CaCa|IlRo,2,6,3.215543668,3.183913425,3.867737161,-0.31,1216,Humid,1,0.681485869,0.013904076,0.443079303,0.015558652,1.154066995,0.007880149,6,-1.472841957,-0.181693935,-1.592455842,-1.668467027,-0.08382532,-1.631172647,0.00612423
CDref,628,CADE,266,CaCa|IlRo,2,7,4.641892569,2.774448428,4.789942588,0.66,1254,Humid,1,0.779415009,0.015346968,0.580737404,0.018965452,1.086467033,0.008127132,6,-0.716374026,-0.720684672,0.26444375,-0.709184815,-0.786260009,0.288697335,0.007422595
CDref,629,CADE,267,CaCa|CiCa,2,6,3.909807934,3.603692521,5.742737784,0.36,987,Humid,1,0.868047762,0.015200905,0.513600461,0.016688343,1.213691975,0.007215281,6,0.065186123,0.370873553,-0.688624366,0.159033005,0.535740921,-0.647638419,0.007578189
CDref,630,CADE,267,CaCa|CiCa,2,7,5.035831316,2.867197271,5.489289486,0.94,1045,Humid,1,0.846129873,0.014640251,0.616120022,0.019471682,1.102412059,0.007919432,6,-0.142712794,-0.598596661,0.777294918,-0.055667557,-0.620574416,0.782166478,0.008025026
CDref,631,CADE,267,CaCa|CiCa,2,7,4.397579964,3.17211333,5.527448199,0.75,1058,Humid,1,0.848144759,0.015408957,0.5606992,0.01783801,1.152290199,0.007587458,6,-0.111411913,-0.197226745,-0.053615861,-0.035930381,-0.102288091,0.009231416,0.0077345
CDref,632,CADE,267,CaCa|CiCa,2,6,4.654087469,3.152717183,5.845892367,4.17,1120,Humid,1,0.876487104,0.015010539,0.583523747,0.019378332,1.14909701,0.007774643,6,0.149801906,-0.22275846,0.280319743,0.241702066,-0.135468689,0.32755749,0.008020437
CDref,633,CADE,267,CaCa|CiCa,2,5,3.66139141,3.156416168,4.445042275,-0.48,1188,Humid,1,0.745753451,0.014944225,0.489419538,0.016597039,1.15007535,0.007789551,6,-0.999289327,-0.217889378,-1.012026685,-1.038922564,-0.125302706,-0.984881403,0.006734418
CDref,634,CADE,267,CaCa|CiCa,2,5,2.609437596,3.303113446,3.145701684,-1.12,1202,Humid,1,0.592005645,0.013074874,0.375021984,0.013769241,1.172039296,0.007574395,6,-2.065114208,-0.024787465,-2.381518124,-2.544986398,0.102925792,-2.580344569,0.005288464
CDref,635,CADE,267,CaCa|CiCa,2,6,4.638180109,2.74843438,4.717353028,-0.27,1251,Humid,1,0.773181919,0.014241793,0.581299804,0.019024806,1.081747685,0.008162975,6,-0.77591789,-0.754927724,0.259610665,-0.770242149,-0.835298989,0.296540936,0.007387959
CDref,636,CADE,267,CaCa|CiCa,2,7,3.701039442,4.051705887,6.23969416,0.49,1288,Humid,1,0.908734437,0.014955955,0.492618263,0.016769786,1.269196645,0.007098054,6,0.47283018,0.960606635,-0.960410692,0.557586526,1.112492808,-0.940269885,0.007702547
CDref,637,CADE,268,ElSy|ScSu,2,7,4.102439841,3.550311506,5.980619381,0.23,1016,Humid,1,0.887510696,0.01546416,0.53197144,0.018161352,1.206317146,0.007801229,6,0.260315965,0.300606563,-0.437845535,0.34968562,0.459108701,-0.391424716,0.00778746
CDref,638,CADE,268,ElSy|ScSu,2,6,4.034490918,3.803885654,6.446852648,-0.26,1031,Humid,1,0.925083261,0.015359216,0.526435761,0.018307502,1.239785034,0.007603502,6,0.642758428,0.634393622,-0.526305187,0.71773432,0.806875247,-0.468628928,0.007984815
CDref,639,CADE,268,ElSy|ScSu,2,8,5.585390899,2.689099152,5.482644206,0.59,1087,Humid,1,0.845469475,0.015388049,0.662126914,0.019514905,1.070640421,0.007718483,6,-0.148163794,-0.833032418,1.492741864,-0.062136602,-0.950715147,1.423808706,0.008303343
CDref,640,CADE,268,ElSy|ScSu,2,7,5.163362788,3.127293305,6.499244741,-0.46,1095,Humid,1,0.930820652,0.015929573,0.626679296,0.01903715,1.145060393,0.007829028,6,0.685734686,-0.256224653,0.943322415,0.773935956,-0.177413384,0.929433026,0.008574385
CDref,641,CADE,268,ElSy|ScSu,2,7,3.280274995,4.934126953,6.66014117,4.29,1147,Humid,1,0.941424856,0.015465699,0.449670685,0.016145327,1.357729428,0.007143196,6,0.817715029,2.122163263,-1.508185034,0.877811308,2.032441521,-1.539244918,0.007673499
CDref,642,CADE,268,ElSy|ScSu,2,6,4.660921804,2.617187645,4.396802431,-0.03,1175,Humid,1,0.740414824,0.014481072,0.583054442,0.018576129,1.057162727,0.007869882,6,-1.038859573,-0.927691635,0.289217057,-1.091218022,-1.090762558,0.32101226,0.007192607
CDref,643,CADE,268,ElSy|ScSu,2,5,3.085060017,4.173052154,5.000176575,0.85,1212,Humid,1,0.800712186,0.015018007,0.428411247,0.015358146,1.282702016,0.007275344,6,-0.543923003,1.120338271,-1.762326649,-0.500564548,1.252827813,-1.835742965,0.006791189
CDref,644,CADE,268,ElSy|ScSu,2,7,4.640217287,3.167456837,5.867746732,-0.33,1275,Humid,1,0.878230303,0.015045366,0.58088891,0.01872758,1.15170623,0.007894568,6,0.167728634,-0.203356222,0.262262776,0.258777882,-0.108356144,0.290810327,0.008007739
CDref,645,CADE,269,ErFo|PiMa|CaFi|CaCa,4,6,4.828496727,3.479165086,7.121500276,3.96,1014,Humid,2,0.975340312,0.015376056,0.598472015,0.018770837,1.197018398,0.007378697,6,1.196159309,0.206954452,0.507375325,1.210036158,0.362484926,0.536035828,0.00867348
CDref,646,CADE,269,ErFo|PiMa|CaFi|CaCa,4,7,4.504138618,3.255170447,5.907745271,1.57,1028,Humid,2,0.882529186,0.01514402,0.569458081,0.018148265,1.16510659,0.007672235,6,0.20053869,-0.087896235,0.085108067,0.300888356,0.030887683,0.131388514,0.00796881
CDref,647,CADE,269,ErFo|PiMa|CaFi|CaCa,4,6,4.524282669,3.164304489,5.690488532,2.46,1090,Humid,2,0.863720897,0.015038504,0.571703321,0.018858111,1.151001958,0.007632029,6,0.022327035,-0.20750575,0.111332702,0.116648427,-0.115674277,0.162702097,0.007874864
CDref,648,CADE,269,ErFo|PiMa|CaFi|CaCa,4,7,4.573321295,3.388340619,6.393039283,5.93,1107,Humid,2,0.920814556,0.015262783,0.574313415,0.018836089,1.184555496,0.007974605,6,0.598616328,0.087399553,0.175173888,0.675919465,0.232982267,0.199104182,0.008211153
CDref,649,CADE,269,ErFo|PiMa|CaFi|CaCa,4,6,4.07086689,3.159943562,5.028955652,7.64,1152,Humid,2,0.802827434,0.015129096,0.528682401,0.018088845,1.150286814,0.007648801,6,-0.520316062,-0.213246166,-0.478948943,-0.479844262,-0.123105369,-0.437295814,0.00727641
CDref,650,CADE,269,ErFo|PiMa|CaFi|CaCa,4,6,4.831934827,2.992945745,5.623067062,3.05,1171,Humid,2,0.857618567,0.015352693,0.599080572,0.018847646,1.124042934,0.007702384,6,-0.032977541,-0.433070271,0.511851233,0.05687198,-0.395806884,0.544523155,0.008002206
CDref,651,CADE,269,ErFo|PiMa|CaFi|CaCa,4,6,4.928211844,3.180533782,6.331047435,1.8,1267,Humid,2,0.916196786,0.015296082,0.60764414,0.019686122,1.153971293,0.007451585,6,0.547765569,-0.186142658,0.637189959,0.630685284,-0.084819756,0.663956288,0.008397938
CDref,652,CADE,269,ErFo|PiMa|CaFi|CaCa,4,7,4.597842277,3.195970447,5.885935043,5.59,1284,Humid,2,0.880066806,0.015366254,0.578002317,0.018544597,1.155732108,0.007541506,6,0.182648167,-0.165822925,0.207096653,0.27676767,-0.066523043,0.250552022,0.008004084
CDref,653,CADE,270,ErFo|PiMa|ElSy|ScSu,4,7,4.685814277,3.199054063,6.025954969,2.53,1004,Humid,2,0.89166737,0.015343493,0.585469467,0.019093321,1.155945662,0.00796908,6,0.297503903,-0.161763871,0.32162345,0.390403053,-0.064303991,0.354693783,0.00810943
CDref,654,CADE,270,ErFo|PiMa|ElSy|ScSu,4,15,4.728231325,3.74822367,7.788741596,2.01,1022,Humid,2,1.019419628,0.015513463,0.590866893,0.017768365,1.232627977,0.00749399,6,1.743484933,0.561124126,0.3768443,1.641822898,0.732505894,0.429969809,0.008895054
CDref,655,CADE,270,ErFo|PiMa|ElSy|ScSu,4,8,4.638957285,2.780740436,4.803519994,2.84,1068,Humid,2,0.781464898,0.014990703,0.580885716,0.018616947,1.087303031,0.007854173,6,-0.705236733,-0.712402318,0.260622436,-0.689104764,-0.777573111,0.290765781,0.007431899
CDref,656,CADE,270,ErFo|PiMa|ElSy|ScSu,4,7,5.742289982,2.682682606,5.611491422,2.74,1127,Humid,2,0.856812552,0.015108344,0.672218531,0.019462007,1.069850577,0.007730024,6,-0.042472823,-0.841478705,1.697001736,0.048976518,-0.958922459,1.564553011,0.008421833
CDref,657,CADE,270,ErFo|PiMa|ElSy|ScSu,4,6,4.347966315,2.202225657,3.190853265,1.45,1177,Humid,2,0.597611352,0.013346688,0.553840804,0.018437023,0.97092722,0.008403606,6,-2.028077207,-1.473918223,-0.118205643,-2.490074702,-1.986840158,-0.086420252,0.006118428
CDref,658,CADE,270,ErFo|PiMa|ElSy|ScSu,4,7,4.905924515,2.962910421,5.626543545,0.98,1241,Humid,2,0.858665731,0.014888592,0.605371114,0.019284362,1.118783356,0.007979043,6,-0.030125847,-0.472606645,0.608175086,0.067129658,-0.450459428,0.632255175,0.0080372
CDref,659,CADE,270,ErFo|PiMa|ElSy|ScSu,4,7,4.138111601,3.696640814,6.403572317,1.22,1286,Humid,2,0.920741306,0.015380851,0.534665453,0.017824091,1.226147548,0.007655458,6,0.607256379,0.493224106,-0.391406073,0.675201936,0.665167424,-0.353852255,0.007994152
CDref,660,CADE,271,ErFo|PiMa|IlRo|ScSu,4,15,4.928178125,2.892081384,5.440222184,0.61,1013,Humid,2,0.84165221,0.01457762,0.60623145,0.019236546,1.106694447,0.00785611,6,-0.182961788,-0.565840976,0.637146062,-0.099529302,-0.576075905,0.644253981,0.007936026
CDref,661,CADE,271,ErFo|PiMa|IlRo|ScSu,4,8,4.439027678,2.700312131,4.395361831,0.88,1040,Humid,2,0.740485423,0.014091966,0.563592331,0.018554325,1.072959154,0.007997113,6,-1.04004127,-0.818272446,0.000343057,-1.090526456,-0.926621067,0.049580915,0.007087535
CDref,662,CADE,271,ErFo|PiMa|IlRo|ScSu,4,7,4.689398788,3.490989134,6.902726923,2.69,1057,Humid,2,0.959746271,0.01539689,0.585806581,0.018822268,1.19848708,0.007386847,6,1.016703603,0.222518792,0.326289964,1.057281976,0.377746073,0.359395386,0.008503434
CDref,663,CADE,271,ErFo|PiMa|IlRo|ScSu,4,7,5.935639854,2.59028143,5.447039424,0.12,1093,Humid,2,0.843072374,0.015586501,0.688683715,0.020268877,1.051989347,0.007777154,6,-0.177369733,-0.963109072,1.948715253,-0.085617831,-1.144519418,1.794187243,0.008441784
CDref,664,CADE,271,ErFo|PiMa|IlRo|ScSu,4,7,4.505604755,3.128085178,5.566135686,2.79,1135,Humid,2,0.852199918,0.01502519,0.56886046,0.018780066,1.145341355,0.007922335,6,-0.079677288,-0.255182287,0.087016765,0.00379264,-0.174493893,0.123053701,0.00778577
CDref,665,CADE,271,ErFo|PiMa|IlRo|ScSu,4,6,4.388254719,2.885025169,4.792143217,0.63,1195,Humid,2,0.780902444,0.014781691,0.558977395,0.018602161,1.105982937,0.007621412,6,-0.714568891,-0.575129278,-0.065755978,-0.694614375,-0.583469239,-0.014782001,0.007311334
CDref,666,CADE,271,ErFo|PiMa|IlRo|ScSu,4,6,4.097858267,2.982455621,4.670568525,1.97,1238,Humid,2,0.767921164,0.014528425,0.531276261,0.018069463,1.121775025,0.007919354,6,-0.814294346,-0.446878728,-0.443810081,-0.821774802,-0.419372838,-0.401120144,0.007077949
CDref,667,CADE,271,ErFo|PiMa|IlRo|ScSu,4,7,4.823162392,2.581935631,4.448024695,0.83,1276,Humid,2,0.744943734,0.014581692,0.597185213,0.019197365,1.050619304,0.007753916,6,-0.996842904,-0.974094891,0.500430794,-1.046854288,-1.158755605,0.518089237,0.007307849
CDref,668,CADE,272,ErFo|PiMa|CiCa|ScSu,4,7,4.674699045,3.078432093,5.663497051,2.38,1011,Humid,2,0.860575556,0.015645442,0.584605165,0.01856657,1.137454203,0.007976456,6,0.000186426,-0.320542094,0.307153029,0.085837683,-0.256449691,0.34263966,0.007929884
CDref,669,CADE,272,ErFo|PiMa|CiCa|ScSu,4,7,3.595102826,5.034819437,7.911145272,0.44,1019,Humid,2,1.026824579,0.015889543,0.482429103,0.016562668,1.366928697,0.006782125,6,1.843890388,2.254707721,-1.098324816,1.71435941,2.128031599,-1.082374577,0.008304917
CDref,670,CADE,272,ErFo|PiMa|CiCa|ScSu,4,7,4.871038841,2.69311012,4.799814414,0.9,1064,Humid,2,0.781147128,0.01461295,0.602282165,0.019522245,1.071238098,0.007910579,6,-0.708276351,-0.827752663,0.562758994,-0.692217531,-0.944504649,0.589174667,0.007558334
CDref,671,CADE,272,ErFo|PiMa|CiCa|ScSu,4,7,5.657458424,2.514380654,4.942388245,1.65,1114,Humid,2,0.794604082,0.014840867,0.667076285,0.020738441,1.037289103,0.008046964,6,-0.591325694,-1.063019481,1.586563339,-0.560397561,-1.29727041,1.492835882,0.00802906
CDref,672,CADE,272,ErFo|PiMa|CiCa|ScSu,4,7,4.687800858,2.89280727,5.16085697,0.51,1134,Humid,2,0.815664648,0.01485996,0.585836205,0.0192396,1.10696194,0.007834543,6,-0.412119869,-0.564885471,0.324209691,-0.354095056,-0.573296371,0.359808552,0.00767144
CDref,673,CADE,272,ErFo|PiMa|CiCa|ScSu,4,6,4.601807547,2.783365663,4.771049397,0.08,1182,Humid,2,0.777899797,0.014816469,0.577130251,0.017873354,1.08801957,0.007775996,6,-0.731871759,-0.708946655,0.21225886,-0.724027337,-0.770127509,0.238389615,0.007390162
CDref,674,CADE,272,ErFo|PiMa|CiCa|ScSu,4,6,3.598664798,3.379252831,4.755411949,0.69,1215,Humid,2,0.776762883,0.014528028,0.483151792,0.01686513,1.18295508,0.007508648,6,-0.744698866,0.075437032,-1.093687645,-0.735164179,0.216352264,-1.072295492,0.006895684
CDref,675,CADE,272,ErFo|PiMa|CiCa|ScSu,4,7,4.689003679,3.158619791,5.913346952,0.05,1247,Humid,2,0.882401493,0.015590274,0.585569724,0.018628865,1.15000278,0.007769056,6,0.205133645,-0.214988684,0.325775589,0.299637516,-0.126056781,0.356092033,0.008056786
CDref,676,CADE,273,PiMa|ElSy|IlRo|ScSu,4,7,4.921469516,3.162089694,6.262712057,2.1,1001,Humid,2,0.911662497,0.015401683,0.607317319,0.019212333,1.150938512,0.008031781,6,0.491711332,-0.210421149,0.628412425,0.586268859,-0.116333543,0.659398221,0.008364827
CDref,677,CADE,273,PiMa|ElSy|IlRo|ScSu,4,8,4.337282605,3.425353397,6.088992222,1.15,1026,Humid,2,0.897202808,0.015630667,0.553443939,0.018639102,1.18971074,0.007803958,6,0.349212188,0.136120554,-0.132114285,0.444626414,0.28655068,-0.091955195,0.00795746
CDref,678,CADE,273,PiMa|ElSy|IlRo|ScSu,4,7,5.03810705,2.649950661,4.825228018,0.97,1096,Humid,2,0.782833514,0.014867982,0.615800383,0.019700298,1.063384039,0.007897686,6,-0.687430045,-0.88456472,0.780257594,-0.675698243,-1.026116583,0.77770858,0.007654586
CDref,679,CADE,273,PiMa|ElSy|IlRo|ScSu,4,7,5.649460429,2.548322715,5.051890513,1.19,1132,Humid,2,0.805136116,0.014967976,0.665839106,0.020902893,1.043991011,0.008041231,6,-0.501503023,-1.018340554,1.576151109,-0.457229157,-1.227630537,1.475581376,0.008081379
CDref,680,CADE,273,PiMa|ElSy|IlRo|ScSu,4,7,4.319317661,3.211062239,5.511584255,3.77,1137,Humid,2,0.84763764,0.015193263,0.55204572,0.018290716,1.158489956,0.007895099,6,-0.124424811,-0.145957158,-0.155502039,-0.040897959,-0.037866097,-0.111455676,0.007668305
CDref,681,CADE,273,PiMa|ElSy|IlRo|ScSu,4,7,5.171098663,2.522779539,4.574271301,1.28,1173,Humid,2,0.758931723,0.014589524,0.627330554,0.019271828,1.039119714,0.007919884,6,-0.893285165,-1.051963783,0.953393403,-0.909832465,-1.278248433,0.938515892,0.007567957
CDref,682,CADE,273,PiMa|ElSy|IlRo|ScSu,4,6,3.704949596,3.258100098,4.696928385,2.74,1235,Humid,2,0.771221876,0.014988504,0.492809879,0.017125195,1.165265456,0.007606893,6,-0.792671844,-0.08403985,-0.955320238,-0.789442098,0.032538465,-0.937597487,0.00689744
CDref,683,CADE,273,PiMa|ElSy|IlRo|ScSu,4,6,4.773462135,2.906381124,5.299725216,0.19,1252,Humid,2,0.828856524,0.014976329,0.593350827,0.018679092,1.110234828,0.007983357,6,-0.298208833,-0.54701781,0.435728261,-0.224871701,-0.539287619,0.464612389,0.007799646
CDref,684,CADE,274,PiMa|CaFi|CaCa|ElSy,4,8,5.036335163,3.110357127,6.262039887,3.42,1007,Humid,2,0.91121493,0.015539265,0.615560955,0.020074276,1.142571229,0.007750382,6,0.491159963,-0.278518239,0.777950853,0.581884633,-0.203278417,0.774369374,0.008398527
CDref,685,CADE,274,PiMa|CaFi|CaCa|ElSy,4,8,4.360168214,3.626486229,6.665751741,3.58,1023,Humid,2,0.942039176,0.015626844,0.555868213,0.018181584,1.216880797,0.007773641,6,0.822317276,0.400877576,-0.102320538,0.883828994,0.568876143,-0.05814468,0.008229807
CDref,686,CADE,274,PiMa|CaFi|CaCa|ElSy,4,8,5.691233704,3.219343639,7.637836437,0.91,1086,Humid,2,1.00957187,0.015191704,0.669681445,0.020201516,1.159484789,0.007582001,6,1.619700243,-0.135056109,1.63053386,1.545357446,-0.027528734,1.52916914,0.009312708
CDref,687,CADE,274,PiMa|CaFi|CaCa|ElSy,4,7,4.553012609,3.229579708,5.912320679,5.74,1111,Humid,2,0.883111854,0.015242166,0.573722501,0.019106634,1.160981646,0.007909056,6,0.204291812,-0.121582072,0.148734921,0.306595979,-0.011974816,0.190862905,0.007991645
CDref,688,CADE,274,PiMa|CaFi|CaCa|ElSy,4,6,4.380751009,3.522766619,6.424922428,2.43,1138,Humid,2,0.923587512,0.01522708,0.557789775,0.018499681,1.203057998,0.007625194,6,0.624769477,0.264348424,-0.075524722,0.703082447,0.425242719,-0.031345321,0.008136815
CDref,689,CADE,274,PiMa|CaFi|CaCa|ElSy,4,6,5.055059054,3.065610532,6.142526262,1.62,1178,Humid,2,0.901035378,0.015417418,0.617620834,0.019302238,1.135503669,0.007256236,6,0.393125163,-0.337419489,0.802326647,0.482169028,-0.276717793,0.80309779,0.0083591
CDref,690,CADE,274,PiMa|CaFi|CaCa|ElSy,4,7,4.555331063,2.883834661,4.982556466,1.9,1253,Humid,2,0.799226507,0.015477686,0.573699542,0.018694179,1.105463117,0.007956543,6,-0.55837645,-0.576696378,0.151753212,-0.515117775,-0.588870719,0.190542696,0.007499324
CDref,691,CADE,274,PiMa|CaFi|CaCa|ElSy,4,7,4.726128405,3.903692315,8.29133529,2.57,1285,Humid,2,1.050566899,0.015438914,0.588754719,0.019354906,1.25183707,0.007454149,6,2.155753177,0.765772046,0.374106603,1.946931499,0.932108574,0.400512054,0.009042784
CDref,692,CADE,275,ErFo|IlRo|CiCa|ScSu,4,6,4.300178907,3.337383048,5.80055718,-0.41,999,Humid,2,0.873008358,0.015368674,0.550704927,0.018583345,1.176761108,0.007825979,6,0.112614296,0.020322613,-0.180417923,0.207625394,0.151990377,-0.130155251,0.007806496
CDref,693,CADE,275,ErFo|IlRo|CiCa|ScSu,4,6,3.706052381,3.987485028,6.122039255,-0.18,1024,Humid,2,0.898310239,0.015742107,0.492186238,0.017138166,1.260983101,0.007193294,6,0.376320053,0.876070842,-0.953884572,0.455474452,1.027145452,-0.946295198,0.007631271
CDref,694,CADE,275,ErFo|IlRo|CiCa|ScSu,4,6,4.752093588,2.391887401,3.893137361,0.72,1073,Humid,2,0.68368815,0.013626917,0.59153532,0.019242975,1.012345299,0.007744195,6,-1.452006646,-1.224260928,0.407909509,-1.646894194,-1.556462759,0.43929213,0.006898609
CDref,695,CADE,275,ErFo|IlRo|CiCa|ScSu,4,7,5.310006008,2.66095786,5.12436965,-0.25,1117,Humid,2,0.812207523,0.014890685,0.639408272,0.019766623,1.065815736,0.007745994,6,-0.442049737,-0.870075623,1.134230639,-0.387959941,-1.000848692,1.106959666,0.007971616
CDref,696,CADE,275,ErFo|IlRo|CiCa|ScSu,4,6,4.410606256,2.863455924,4.764650598,-0.25,1190,Humid,2,0.778210426,0.015502763,0.561151888,0.01830487,1.101606338,0.008047751,6,-0.737120574,-0.603521505,-0.036657516,-0.720984515,-0.628946709,0.015544907,0.007302134
CDref,697,CADE,275,ErFo|IlRo|CiCa|ScSu,4,6,2.91380196,4.75713771,5.301433361,-0.15,1207,Humid,2,0.828376858,0.015053108,0.409005669,0.015124352,1.341591686,0.006926049,6,-0.296807674,1.889187152,-1.985279824,-0.229570354,1.864753415,-2.106385855,0.006872175
CDref,698,CADE,275,ErFo|IlRo|CiCa|ScSu,4,6,3.244777375,3.348381701,4.147202863,-0.68,1221,Humid,2,0.712917728,0.01428754,0.445526912,0.016076404,1.178344645,0.007538658,6,-1.243601448,0.034800462,-1.554397792,-1.360570693,0.168444998,-1.597036687,0.006326572
CDref,699,CADE,275,ErFo|IlRo|CiCa|ScSu,4,6,4.799507732,2.687223849,4.713774636,-0.17,1261,Humid,2,0.772865132,0.015120219,0.595372344,0.018696579,1.070147294,0.008037118,6,-0.778853178,-0.835500934,0.469635854,-0.773345292,-0.955839256,0.492805784,0.007461754
CDref,700,CADE,276,PiMa|CaCa|ElSy|IlRo,4,6,4.394324287,3.10582449,5.352741357,2.05,986,Humid,2,0.833354086,0.015338668,0.561043988,0.018567858,1.142098273,0.007759289,6,-0.254720681,-0.284484681,-0.05785428,-0.180815043,-0.208192927,0.014040054,0.007650605
CDref,701,CADE,276,PiMa|CaCa|ElSy|IlRo,4,7,5.878479186,3.665586326,9.983118279,0.25,1053,Humid,2,1.142172514,0.015377349,0.683776734,0.02041299,1.222233638,0.007759986,6,3.543491245,0.452346176,1.874300346,2.844270516,0.624497782,1.725751265,0.010181318
CDref,702,CADE,276,PiMa|CaCa|ElSy|IlRo,4,7,4.113910483,3.45756457,5.781262918,0.93,1100,Humid,2,0.871401344,0.015289797,0.533268735,0.017527397,1.194319113,0.007599717,6,0.096787573,0.178521062,-0.422912421,0.191883612,0.334436516,-0.373331801,0.007705915
CDref,703,CADE,276,PiMa|CaCa|ElSy|IlRo,4,7,5.783855987,2.78667534,6.041683966,0.12,1124,Humid,2,0.892710597,0.015513951,0.677329678,0.020565654,1.088150303,0.00784101,6,0.310406107,-0.704590031,1.751114651,0.400622166,-0.768769063,1.635836406,0.008674569
CDref,704,CADE,276,PiMa|CaCa|ElSy|IlRo,4,7,4.13903553,3.454684994,5.818207123,2.14,1139,Humid,2,0.87411783,0.014805547,0.535102817,0.018681949,1.193726708,0.007765105,6,0.127092216,0.174730592,-0.390203251,0.218493428,0.328280802,-0.347752488,0.007727445
CDref,705,CADE,276,PiMa|CaCa|ElSy|IlRo,4,7,4.978326286,2.882825109,5.470807981,0.15,1163,Humid,2,0.844495313,0.015347784,0.611400915,0.019325065,1.105504115,0.007786704,6,-0.157872829,-0.578025281,0.702431701,-0.071679179,-0.588444705,0.71635072,0.007992536
CDref,706,CADE,276,PiMa|CaCa|ElSy|IlRo,4,6,3.622676547,4.494808416,6.921152332,1.87,1233,Humid,2,0.960731181,0.015464669,0.485873188,0.016678011,1.316782352,0.007023508,6,1.031817623,1.543875438,-1.062427827,1.066929837,1.606958347,-1.034341122,0.007968485
CDref,707,CADE,276,PiMa|CaCa|ElSy|IlRo,4,6,4.75248733,2.805006612,4.990916194,0.94,1269,Humid,2,0.799967065,0.015090362,0.590777358,0.018614314,1.091309566,0.008361872,6,-0.551519121,-0.680460042,0.408422104,-0.507863508,-0.735940992,0.428721104,0.007594591
CDref,708,CADE,277,ErFo|CaCa|ElSy|ScSu,4,7,4.395330358,3.313443014,5.892451569,1.24,1035,Humid,2,0.88079428,0.015361579,0.560882952,0.01861835,1.173569537,0.007550003,6,0.187993552,-0.011190353,-0.056544522,0.283893776,0.118826607,0.011794152,0.007922822
CDref,709,CADE,277,ErFo|CaCa|ElSy|ScSu,4,6,4.208490393,3.680567012,6.505464708,0.22,1101,Humid,2,0.929022309,0.015766364,0.542427923,0.018346211,1.223943147,0.007789892,6,0.690836809,0.472065691,-0.299783083,0.756319965,0.642261383,-0.245591768,0.008091311
CDref,710,CADE,277,ErFo|CaCa|ElSy|ScSu,4,7,5.354138596,3.032371629,6.4323282,0.69,1130,Humid,2,0.923945682,0.015364441,0.642570532,0.01945753,1.129835811,0.007975528,6,0.630844294,-0.381172828,1.191684874,0.706590971,-0.335612803,1.151062606,0.008640527
CDref,711,CADE,277,ErFo|CaCa|ElSy|ScSu,4,5,2.995644404,5.45508389,6.43263035,4.7,1150,Humid,2,0.924545214,0.015575264,0.418371219,0.014800669,1.401085532,0.006763075,6,0.631092142,2.807914098,-1.878732821,0.712463786,2.482957038,-1.975767757,0.007436411
CDref,712,CADE,277,ErFo|CaCa|ElSy|ScSu,4,6,5.165012809,2.620844211,4.864540117,0.07,1174,Humid,2,0.787491259,0.013950742,0.626435979,0.020003312,1.057999552,0.007913459,6,-0.655183063,-0.922878391,0.945470503,-0.630072477,-1.082067065,0.926039565,0.007735698
CDref,713,CADE,277,ErFo|CaCa|ElSy|ScSu,4,5,2.898985049,4.999870348,5.545544716,1.71,1230,Humid,2,0.850190343,0.015546185,0.408045018,0.014508137,1.363556112,0.007020748,6,-0.096567677,2.208703214,-2.004569295,-0.015892508,2.092986899,-2.119783722,0.007001944
CDref,714,CADE,277,ErFo|CaCa|ElSy|ScSu,4,7,4.410361386,2.889179665,4.82802432,0.54,1268,Humid,2,0.783798784,0.015003027,0.5609274,0.018041231,1.106847188,0.008062799,6,-0.685136291,-0.569660593,-0.036976301,-0.666242771,-0.574488764,0.012414054,0.007344276
CDref,715,CADE,278,CaFi|CaCa|IlRo|ScSu,4,7,4.949680587,2.34008379,3.895115148,0.83,1010,Humid,2,0.684286582,0.014397149,0.60915285,0.019410262,1.001539019,0.008015618,6,-1.450384305,-1.292451535,0.665139152,-1.641032156,-1.66875138,0.684997738,0.007005888
CDref,716,CADE,278,CaFi|CaCa|IlRo|ScSu,4,7,4.526221075,2.929965576,5.068854549,-0.1,1041,Humid,2,0.807253217,0.014748016,0.571206985,0.018877836,1.113515439,0.008097443,6,-0.48758774,-0.515972907,0.113856226,-0.436490717,-0.505198624,0.155779866,0.007537348
CDref,717,CADE,278,CaFi|CaCa|IlRo|ScSu,4,6,4.839890976,2.9173394,5.41046141,0.49,1067,Humid,2,0.837680458,0.015063187,0.598457887,0.018731908,1.111400145,0.007859013,6,-0.207373996,-0.532593112,0.522208987,-0.138435296,-0.527178758,0.535838785,0.007877488
CDref,718,CADE,278,CaFi|CaCa|IlRo|ScSu,4,7,5.814615978,2.49658752,5.005866493,0.12,1128,Humid,2,0.801216829,0.015096244,0.679568748,0.020790543,1.033675352,0.007861239,6,-0.539255669,-1.086441103,1.791159702,-0.495621223,-1.334821082,1.66706395,0.008142488
CDref,719,CADE,278,CaFi|CaCa|IlRo|ScSu,4,7,3.402569326,3.635951676,4.858409873,0.42,1144,Humid,2,0.787779495,0.014706253,0.461543267,0.016527565,1.218641765,0.007704206,6,-0.660211588,0.413337221,-1.348975535,-0.627249011,0.587174448,-1.373662124,0.006846122
CDref,720,CADE,278,CaFi|CaCa|IlRo|ScSu,4,15,5.283807348,2.629283031,4.99897466,0.38,1179,Humid,2,0.800376871,0.015161158,0.637641508,0.019150078,1.059359785,0.008158912,6,-0.544908912,-0.911770125,1.10012378,-0.503849188,-1.067932811,1.082319217,0.007887203
CDref,721,CADE,278,CaFi|CaCa|IlRo|ScSu,4,4,2.710866429,3.809586084,3.795692375,2.79,1209,Humid,2,0.672829138,0.013775167,0.386069135,0.013875212,1.240362861,0.00738614,6,-1.531938953,0.641897265,-2.24947248,-1.753265574,0.812879473,-2.426273763,0.005859317
CDref,722,CADE,278,CaFi|CaCa|IlRo|ScSu,4,7,4.998321651,2.639786666,4.768121654,0.63,1263,Humid,2,0.77854415,0.014512126,0.611910022,0.019724344,1.062101698,0.007958737,6,-0.734273332,-0.897943884,0.728462769,-0.717715464,-1.03944146,0.723451061,0.007594335
CDref,723,CADE,279,CaFi|ElSy|IlRo|ScSu,4,6,4.552513911,3.01817386,5.335050963,-0.11,996,Humid,2,0.831983288,0.014634856,0.573308754,0.018963053,1.127789233,0.007688423,6,-0.269231781,-0.399861766,0.148085689,-0.194242936,-0.356878891,0.185092518,0.007691073
CDref,724,CADE,279,CaFi|ElSy|IlRo|ScSu,4,7,4.135029108,3.305769422,5.458891618,0.51,1018,Humid,2,0.843011746,0.014991221,0.534773181,0.018139428,1.172383776,0.007930145,6,-0.167647599,-0.021291326,-0.395419032,-0.086211718,0.106505295,-0.352349815,0.007544109
CDref,725,CADE,279,CaFi|ElSy|IlRo|ScSu,4,7,4.45798022,2.456645045,3.832155833,0.55,1106,Humid,2,0.676909111,0.014058823,0.564477268,0.018404641,1.025464368,0.007951051,6,-1.502028658,-1.13901855,0.025016521,-1.713299476,-1.420141844,0.061922828,0.006693892
CDref,726,CADE,279,CaFi|ElSy|IlRo|ScSu,4,7,5.722895183,2.211795917,3.993917275,0.38,1125,Humid,2,0.696118948,0.014224706,0.671301984,0.020564105,0.973456192,0.008092068,6,-1.36933876,-1.46132061,1.671752518,-1.525126115,-1.960561477,1.551770245,0.007441112
CDref,727,CADE,279,CaFi|ElSy|IlRo|ScSu,4,6,4.84192334,2.564331115,4.416515607,0.48,1185,Humid,2,0.741919913,0.013851804,0.599415326,0.018602331,1.046944174,0.008120397,6,-1.022689222,-0.99726823,0.52485483,-1.076474656,-1.19694407,0.549191859,0.007301883
CDref,728,CADE,279,CaFi|ElSy|IlRo|ScSu,4,6,2.741212729,5.837180754,5.924334522,0.29,1203,Humid,2,0.883851372,0.01525029,0.390229263,0.014646048,1.428667014,0.006614994,6,0.214146544,3.310879363,-2.209965995,0.31384006,2.769557632,-2.368253895,0.007113778
CDref,729,CADE,279,CaFi|ElSy|IlRo|ScSu,4,5,3.51744383,3.229122144,4.368105568,2.28,1219,Humid,2,0.736729611,0.014109804,0.474423477,0.016087789,1.161239955,0.00772119,6,-1.062399075,-0.122184377,-1.199425576,-1.127317185,-0.009290719,-1.194026284,0.00661037
CDref,730,CADE,279,CaFi|ElSy|IlRo|ScSu,4,7,5.355841324,2.539664379,4.778490153,0.23,1266,Humid,2,0.779165968,0.015286749,0.64375729,0.019904203,1.042234721,0.00799125,6,-0.725768245,-1.029737775,1.193901579,-0.711624342,-1.245880242,1.167613913,0.007796328
CDref,731,CADE,280,ElSy|IlRo|CiCa|ScSu,4,6,4.772820891,3.176408835,6.08828846,-0.06,995,Humid,2,0.896986082,0.015306091,0.593344357,0.018822299,1.153291031,0.007583199,6,0.348634905,-0.191572446,0.434893454,0.442503433,-0.0918884,0.464522146,0.00819404
CDref,732,CADE,280,ElSy|IlRo|CiCa|ScSu,4,7,5.622194592,2.18571305,3.858184425,0.12,1051,Humid,2,0.6789535,0.014027575,0.664367986,0.020548688,0.967401845,0.008158166,6,-1.480677889,-1.49565425,1.54065494,-1.693273302,-2.023472513,1.455064164,0.007304912
CDref,733,CADE,280,ElSy|IlRo|CiCa|ScSu,4,7,4.351834428,2.86036461,4.690424476,-0.2,1098,Humid,2,0.769615813,0.015069631,0.555442676,0.01779868,1.101289499,0.007858327,6,-0.798006879,-0.607590692,-0.11316992,-0.805174568,-0.632238993,-0.064079498,0.007225146
CDref,734,CADE,280,ElSy|IlRo|CiCa|ScSu,4,8,5.780371598,2.386047599,4.598602697,0.39,1116,Humid,2,0.760820346,0.014915097,0.676464898,0.020968906,1.011253543,0.008150168,6,-0.873326574,-1.23194803,1.746578482,-0.891332121,-1.567807254,1.623775617,0.007878045
CDref,735,CADE,280,ElSy|IlRo|CiCa|ScSu,4,6,2.612836864,3.760466803,3.568479545,2.11,1146,Humid,2,0.646287096,0.013590457,0.374915714,0.014023986,1.233864941,0.007587727,6,-1.718317405,0.57724012,-2.377092769,-2.013262843,0.745359256,-2.58182668,0.005651418
CDref,736,CADE,280,ElSy|IlRo|CiCa|ScSu,4,7,5.237640708,2.575449438,4.789825329,-0.16,1170,Humid,2,0.779265166,0.014513369,0.63353995,0.019627069,1.049300381,0.00777352,6,-0.716470211,-0.982632856,1.040021504,-0.710652624,-1.172460597,1.025116205,0.007740109
CDref,737,CADE,280,ElSy|IlRo|CiCa|ScSu,4,6,5.086932127,2.703163154,5.04098928,0.34,1272,Humid,2,0.804514675,0.015317717,0.621352086,0.019579688,1.073113511,0.008015884,6,-0.510445102,-0.814519561,0.843820769,-0.463316592,-0.92501714,0.855136274,0.007815359
CDref,738,CADE,280,ElSy|IlRo|CiCa|ScSu,4,6,4.572075864,2.900002907,5.044643914,-0.42,1281,Humid,2,0.805034223,0.014852219,0.575427503,0.0188746,1.108005855,0.007600503,6,-0.507447273,-0.555413644,0.173552517,-0.458227265,-0.562448994,0.214641976,0.007544356
CDref,739,CADE,281,ErFo|PiMa|CaFi|CaCa|ElSy|IlRo|CiCa|ScSu,8,8,4.730678288,3.288507732,6.359920729,0.05,991,Humid,3,0.918861393,0.015098684,0.58972805,0.01938525,1.169933754,0.007745929,6,0.571449795,-0.044013393,0.380029892,0.656786917,0.08104699,0.414086769,0.008296826
CDref,740,CADE,281,ErFo|PiMa|CaFi|CaCa|ElSy|IlRo|CiCa|ScSu,8,8,4.603889385,3.100352045,5.627768084,0.97,998,Humid,3,0.857250175,0.014897118,0.578382333,0.019480603,1.141067354,0.007900658,6,-0.02912138,-0.29168822,0.214969112,0.053263327,-0.218905255,0.255851966,0.007877806
CDref,741,CADE,281,ErFo|PiMa|CaFi|CaCa|ElSy|IlRo|CiCa|ScSu,8,7,4.703892311,3.360644308,6.532923576,1.63,1029,Humid,3,0.931808263,0.015408615,0.587138602,0.018907887,1.18012428,0.007412234,6,0.713360807,0.050942089,0.345158431,0.783610275,0.186937278,0.377972626,0.00835382
CDref,742,CADE,281,ErFo|PiMa|CaFi|CaCa|ElSy|IlRo|CiCa|ScSu,8,7,5.670789525,2.422480903,4.643205462,0.49,1044,Humid,3,0.765047795,0.014536209,0.666926324,0.020311189,1.019186021,0.00809704,6,-0.836739757,-1.183989808,1.603918501,-0.849921396,-1.485380468,1.490744425,0.007846058
CDref,743,CADE,281,ErFo|PiMa|CaFi|CaCa|ElSy|IlRo|CiCa|ScSu,8,7,5.404980758,2.341139834,4.200901445,1.6,1103,Humid,3,0.7179526,0.014320376,0.6461399,0.019660208,1.001605858,0.008135239,6,-1.199553502,-1.291061433,1.257874002,-1.311250715,-1.66805685,1.200843352,0.00743192
CDref,744,CADE,281,ErFo|PiMa|CaFi|CaCa|ElSy|IlRo|CiCa|ScSu,8,7,3.808611897,3.807314732,5.976419176,1.75,1108,Humid,3,0.887087977,0.015600924,0.503619367,0.016683415,1.24004981,0.007286442,6,0.256870615,0.638907418,-0.820366943,0.345544793,0.80962655,-0.786841289,0.007640859
CDref,745,CADE,281,ErFo|PiMa|CaFi|CaCa|ElSy|IlRo|CiCa|ScSu,8,8,5.746087878,2.374016441,4.534616022,0.87,1115,Humid,3,0.753711599,0.014843006,0.674296273,0.020288197,1.008530786,0.007992711,6,-0.925813651,-1.247784995,1.701946046,-0.960967113,-1.59609956,1.593530552,0.007825382
CDref,746,CADE,281,ErFo|PiMa|CaFi|CaCa|ElSy|IlRo|CiCa|ScSu,8,7,5.639290095,2.536545172,5.003131857,0.37,1129,Humid,3,0.802022603,0.014587401,0.665085058,0.019919524,1.041810747,0.007747523,6,-0.54149884,-1.033843678,1.562910807,-0.487728121,-1.250285777,1.465064927,0.008050373
CDref,747,CADE,281,ErFo|PiMa|CaFi|CaCa|ElSy|IlRo|CiCa|ScSu,8,6,4.198654703,3.336213041,5.633078021,-0.02,1153,Humid,3,0.858538484,0.015180229,0.541453554,0.017930623,1.176739455,0.007671437,6,-0.024765738,0.018782499,-0.312587726,0.065883186,0.151765382,-0.259180955,0.007675171
CDref,748,CADE,281,ErFo|PiMa|CaFi|CaCa|ElSy|IlRo|CiCa|ScSu,8,7,4.774283312,2.741343165,4.837752075,0.27,1172,Humid,3,0.78540707,0.014635226,0.59280664,0.019472915,1.080491131,0.008207765,6,-0.677156795,-0.764262097,0.436797315,-0.650488516,-0.848355912,0.457022791,0.007522857
CDref,749,CADE,281,ErFo|PiMa|CaFi|CaCa|ElSy|IlRo|CiCa|ScSu,8,6,4.469100401,3.027177822,5.250537988,-0.15,1193,Humid,3,0.824235711,0.015593104,0.566603028,0.018693731,1.129502146,0.007950473,6,-0.3385562,-0.388009588,0.039493385,-0.270135694,-0.339079929,0.091570069,0.007616089
CDref,750,CADE,281,ErFo|PiMa|CaFi|CaCa|ElSy|IlRo|CiCa|ScSu,8,6,3.628449301,3.862060668,5.705524768,2.94,1204,Humid,3,0.864562479,0.015416345,0.485648802,0.016513553,1.246823104,0.007426998,6,0.034660979,0.710971092,-1.054912538,0.124892299,0.880008194,-1.03747055,0.007420443
CDref,751,CADE,281,ErFo|PiMa|CaFi|CaCa|ElSy|IlRo|CiCa|ScSu,8,6,3.940835254,3.201778888,4.932760012,-0.08,1214,Humid,3,0.79448238,0.015050093,0.516645771,0.0180237,1.156931004,0.007804842,6,-0.599223554,-0.158177104,-0.648231291,-0.561589714,-0.054065251,-0.605166532,0.007164053
CDref,752,CADE,281,ErFo|PiMa|CaFi|CaCa|ElSy|IlRo|CiCa|ScSu,8,7,5.007535069,2.803229725,5.262025969,0.61,1240,Humid,3,0.825857482,0.015345758,0.614924068,0.019638961,1.090785651,0.007809974,6,-0.329132823,-0.68279901,0.740457304,-0.254249356,-0.741385018,0.765486918,0.007900082
CDref,753,CADE,281,ErFo|PiMa|CaFi|CaCa|ElSy|IlRo|CiCa|ScSu,8,7,5.300486803,2.869187876,5.800291603,0.1,1264,Humid,3,0.872554315,0.015189221,0.636986879,0.019364777,1.10327325,0.007912388,6,0.112396448,-0.595976369,1.121838013,0.203177737,-0.611625736,1.073189325,0.008305225
CDref,754,CADE,281,ErFo|PiMa|CaFi|CaCa|ElSy|IlRo|CiCa|ScSu,8,6,4.078977518,3.227353784,5.192303864,1.2,1282,Humid,3,0.819441763,0.014390172,0.529981671,0.017948749,1.160993873,0.007725136,6,-0.386324567,-0.124512121,-0.46839008,-0.317095661,-0.011847764,-0.419175338,0.00738246
EBref,755,EBee,136,PaSp,1,NA,7.117150424,2.639281528,6.716899509,2.47876355,119,Humid,0,0.957535167,0.015106348,0.62682895,0.025100795,1.115085037,0.012392002,8,1.021445196,2.008761108,-2.076081133,1.152565733,1.97906951,-2.265154487,0.008286428
EBref,756,EBee,136,PaSp,1,NA,10.89212115,2.099507968,5.877998112,8.277987705,143,Humid,0,0.891339004,0.015314134,0.822510251,0.028646021,1.000889672,0.013120809,8,0.504257145,0.328603831,0.184464813,0.665250521,0.424974357,0.249042552,0.009451766
EBref,757,EBee,136,PaSp,1,NA,10.86373487,1.684765671,3.47051694,67.49483104,159,Humid,0,0.643832656,0.013990167,0.819259425,0.028948819,0.891841964,0.012840243,8,-0.979970322,-0.962367681,0.167466406,-1.156812909,-1.059065872,0.20727455,0.008106384
EBref,758,EBee,136,PaSp,1,NA,14.07216024,1.642211978,3.712253161,17.91539247,169,Humid,0,0.673345165,0.013932642,0.947904845,0.029292649,0.878827547,0.012862463,8,-0.830938403,-1.094824885,2.088750965,-0.939551155,-1.236180262,1.860165927,0.009202198
EBref,759,EBee,137,ArJi,1,NA,9.164946765,1.70495151,3.260855906,3.048920218,123,Humid,0,0.617079244,0.01319252,0.740857324,0.02766002,0.897467068,0.013067861,8,-1.109227684,-0.899535065,-0.849809977,-1.353763064,-0.982513316,-0.800069177,0.007390627
EBref,760,EBee,137,ArJi,1,NA,10.55957208,1.71907222,3.585881663,2.984876269,133,Humid,0,0.658627263,0.013538726,0.807445312,0.028994857,0.901914246,0.012757711,8,-0.908847235,-0.855581424,-0.014673804,-1.047899696,-0.921991261,0.055481775,0.008106691
EBref,761,EBee,137,ArJi,1,NA,9.030604564,2.465397449,7.284403171,16.10000752,138,Humid,0,0.998081939,0.015613155,0.732688925,0.027163248,1.080545531,0.012816731,8,1.371314816,1.467510809,-0.930257413,1.451058242,1.509018218,-0.905020258,0.009298603
EBref,762,EBee,137,ArJi,1,NA,12.19417851,1.897197308,4.960756003,2.731756248,146,Humid,0,0.808977633,0.014535525,0.8764188,0.029323433,0.949688078,0.012633462,8,-0.061228454,-0.301130104,0.964169002,0.058932165,-0.271832822,0.941682651,0.00940828
EBref,763,EBee,138,DuZi,1,NA,13.08176718,1.739130719,4.149033038,31.7973959,130,Humid,0,0.724021964,0.014330225,0.911235573,0.029508933,0.907354377,0.013081537,8,-0.561660828,-0.793145181,1.495679076,-0.566484594,-0.847956025,1.389023429,0.009220361
EBref,764,EBee,138,DuZi,1,NA,11.84054864,2.229823715,7.257065641,21.61580856,132,Humid,0,0.996086122,0.015770625,0.86241128,0.027203784,1.031179327,0.012754356,8,1.354461054,0.73423865,0.752406679,1.436365664,0.837189036,0.761708037,0.010300934
EBref,765,EBee,138,DuZi,1,NA,9.050735626,3.0953831,12.04947953,2.01059337,149,Humid,0,1.245872988,0.014654235,0.73402724,0.028322132,1.19312326,0.012160613,8,4.309014721,3.42847195,-0.918202435,3.275217551,3.041098816,-0.887825018,0.010593174
EBref,766,EBee,138,DuZi,1,NA,12.59861428,2.057591903,6.221897459,36.6805242,161,Humid,0,0.919195177,0.014790742,0.891787204,0.028561266,0.990069973,0.012588625,8,0.716273281,0.198131376,1.206355156,0.870318851,0.277728075,1.139142474,0.010104427
EBref,767,EBee,139,DyPo,1,NA,13.35603104,1.826420706,4.764978785,33.47030534,129,Humid,0,0.789050826,0.015177952,0.92087713,0.029424785,0.931707662,0.012721867,8,-0.181926355,-0.521436973,1.659915067,-0.087762684,-0.516529943,1.512902282,0.009643514
EBref,768,EBee,139,DyPo,1,NA,8.163616391,2.166428158,5.069416926,2.559486937,156,Humid,0,0.81849425,0.014787072,0.686522908,0.027430469,1.0170383,0.012714921,8,0.005761697,0.536906817,-1.4494314,0.128990487,0.644742502,-1.498180991,0.008054538
EBref,769,EBee,139,DyPo,1,NA,9.660921137,1.682181015,3.253115239,7.723364559,160,Humid,0,0.615441221,0.013183552,0.765153221,0.027739733,0.890989284,0.012660837,8,-1.113999854,-0.970412959,-0.552808241,-1.365821677,-1.070670072,-0.487905096,0.00756163
EBref,770,EBee,139,DyPo,1,NA,11.10785401,1.846768989,4.379543844,5.42096549,170,Humid,0,0.74923572,0.015191481,0.831395521,0.028644553,0.937039156,0.012949384,8,-0.419549449,-0.458098717,0.313650992,-0.380868898,-0.443973157,0.363204301,0.008771115
EBref,771,EBee,140,PeCa,1,NA,11.48123928,2.053269788,5.788839023,3.873979443,124,Humid,0,0.883081575,0.015099077,0.846816293,0.028097804,0.990380453,0.013039741,8,0.449289999,0.184677895,0.537243337,0.604461943,0.281953429,0.561336975,0.009598785
EBref,772,EBee,140,PeCa,1,NA,10.33804912,1.894893143,4.450318086,2.576548347,131,Humid,0,0.757675458,0.014809607,0.797764539,0.02852398,0.950019789,0.013388362,8,-0.375916678,-0.308302296,-0.147327238,-0.318738222,-0.267318527,-0.068900934,0.008567812
EBref,773,EBee,140,PeCa,1,NA,12.34741478,2.070152011,6.226654705,2.56343398,148,Humid,0,0.919161592,0.014884939,0.884060131,0.029564358,0.993440269,0.012849741,8,0.719206154,0.23722732,1.055930675,0.870071613,0.323594745,1.039861728,0.010061116
EBref,774,EBee,140,PeCa,1,NA,8.383104651,2.088069454,4.784621115,5.143653917,163,Humid,0,0.79170345,0.015153499,0.697318515,0.027125647,0.998573194,0.012842035,8,-0.169816733,0.292999081,-1.317996395,-0.068234906,0.393449186,-1.359474415,0.0079891
EBref,775,EBee,141,ShLe,1,NA,9.773465754,2.399040209,7.351239661,24.57532655,122,Humid,0,1.002857849,0.015871677,0.769026964,0.02831101,1.067428558,0.013218482,8,1.412519937,1.260960122,-0.485413738,1.48621698,1.330508134,-0.438133592,0.009606413
EBref,776,EBee,141,ShLe,1,NA,11.26811151,1.671938204,3.472435489,5.278235337,126,Humid,0,0.644285298,0.013328505,0.837383988,0.028053024,0.88765402,0.012946827,8,-0.978787524,-1.002295835,0.409617151,-1.153480704,-1.116059974,0.440146682,0.008235302
EBref,777,EBee,141,ShLe,1,NA,9.694388605,2.321709562,6.775633351,5.645182974,135,Humid,0,0.962643183,0.01533418,0.76592154,0.027903413,1.051626211,0.012509912,8,1.057654983,1.020252427,-0.532767093,1.190169331,1.115452547,-0.478033402,0.009384352
EBref,778,EBee,141,ShLe,1,NA,11.70643866,1.680196479,3.584405199,53.55502254,167,Humid,0,0.65772004,0.013366176,0.8561191,0.028805998,0.889938389,0.012658245,8,-0.909757485,-0.976590239,0.672098302,-1.054578381,-1.084971796,0.680863416,0.008447662
EBref,779,EBee,142,ArJi|PaSp,2,NA,9.320271396,1.771066655,3.581854246,4.446045971,164,Humid,1,0.658339205,0.014178752,0.746867715,0.02847091,0.915903717,0.013156158,8,-0.911330164,-0.693737949,-0.756797742,-1.050020287,-0.731607273,-0.722845105,0.007649667
EBref,780,EBee,143,DuZi|PaSp,2,NA,9.931116207,1.872072688,4.218556341,2.885181613,157,Humid,1,0.731786144,0.013942708,0.777228789,0.027871695,0.944390831,0.013031534,8,-0.518799269,-0.3793357,-0.391008743,-0.50932716,-0.343923536,-0.332753031,0.008283183
EBref,781,EBee,144,PaSp|PeCa,2,NA,9.913942989,1.873637687,4.222066039,2.699670611,145,Humid,1,0.732483705,0.014877607,0.779198228,0.02834238,0.943512258,0.013244963,8,-0.516635518,-0.374464316,-0.401292491,-0.504191935,-0.355880115,-0.30744884,0.008294156
EBref,782,EBee,145,DuZi|DyPo,2,NA,10.81623014,2.166930889,6.304681346,9.522197388,121,Humid,1,0.925574696,0.015630762,0.817808481,0.027454133,1.016726907,0.012513655,8,0.767310075,0.538471671,0.139019397,0.917282851,0.640504731,0.188632204,0.009591019
EBref,783,EBee,146,DyPo|PeCa,2,NA,10.23791962,1.903416115,4.469130128,3.760661124,136,Humid,1,0.758454982,0.014651045,0.793349337,0.029083376,0.951928629,0.013195547,8,-0.364318935,-0.281772776,-0.207287262,-0.312999612,-0.241340958,-0.125629343,0.008542601
EBref,784,EBee,147,ShLe|ArJi,2,NA,12.43379516,1.813697279,4.48426662,5.087504053,140,Humid,1,0.760865621,0.014574576,0.887869391,0.028970491,0.927643905,0.012813178,8,-0.354987191,-0.561041281,1.107657385,-0.295253248,-0.57183398,1.088804735,0.009245299
EBref,785,EBee,148,DuZi|PeCa,2,NA,10.09468341,1.723616267,3.520892236,2.991369791,142,Humid,1,0.649885615,0.013603652,0.784434996,0.028583179,0.902377158,0.012810892,8,-0.948913631,-0.841437134,-0.293060652,-1.112252946,-0.915691456,-0.240164609,0.007880911
EBref,786,EBee,149,ShLe|DyPo,2,NA,13.2385349,1.867802539,5.022080365,11.25520373,144,Humid,1,0.815152521,0.01484363,0.917040136,0.029125853,0.942803072,0.012915997,8,-0.023421594,-0.392627425,1.589555469,0.104389734,-0.3655315,1.463602942,0.009751897
EBref,787,EBee,150,ShLe|DuZi,2,NA,9.923954415,2.177467239,5.964617382,3.982968748,150,Humid,1,0.898975918,0.015432703,0.777677858,0.027682758,1.019276002,0.01290777,8,0.557658476,0.571268248,-0.395297401,0.721471068,0.675195598,-0.326983203,0.009150042
EBref,788,EBee,151,ArJi|DyPo,2,NA,9.946654414,1.875614863,4.241070885,4.801916423,152,Humid,1,0.734316097,0.014644143,0.778661875,0.027760683,0.945407616,0.012906586,8,-0.50491891,-0.368309945,-0.38170408,-0.490702447,-0.330086019,-0.314340128,0.008310044
EBref,789,EBee,152,,2,NA,12.82462586,2.10430258,6.673714713,23.94443636,165,Humid,1,0.954684806,0.016112881,0.901017794,0.029773616,1.002587706,0.013553003,8,0.994821494,0.343528056,1.341696486,1.131582277,0.448083047,1.257741043,0.010376709
EBref,790,EBee,153,ShLe|DuZi|PaSp,3,NA,9.546143556,2.213792601,6.007258076,2.314261001,120,Humid,1.584962501,0.901466314,0.014895867,0.760018392,0.027730592,1.027494859,0.012980017,8,0.583946735,0.68433848,-0.621539899,0.739804571,0.787046767,-0.553879582,0.009035879
EBref,791,EBee,154,ShLe|PaSp|PeCa,3,NA,8.390364284,1.929943948,4.049277463,5.538740148,125,Humid,1.584962501,0.711761583,0.013480236,0.698519066,0.026623353,0.95878155,0.012732581,8,-0.623160775,-0.199199388,-1.313649147,-0.65674164,-0.148078922,-1.344049217,0.007591782
EBref,792,EBee,155,ArJi|DyPo|PaSp,3,NA,10.63019282,1.752656259,3.767260022,6.835534624,127,Humid,1.584962501,0.679567079,0.014007653,0.8110148,0.027875514,0.910965544,0.012616966,8,-0.797026323,-0.751044129,0.027615643,-0.893747394,-0.798811314,0.101344084,0.008248652
EBref,793,EBee,156,DuZi|DyPo|PaSp,3,NA,9.282888127,1.907709159,4.217252001,8.897291419,134,Humid,1.584962501,0.730852694,0.01445132,0.746304675,0.027839321,0.953458214,0.012525522,8,-0.519603403,-0.268409785,-0.779183769,-0.516198923,-0.220524691,-0.730079279,0.008052783
EBref,794,EBee,157,ArJi|DuZi|DyPo,3,NA,10.63656887,1.712361286,3.566885171,4.12824538,147,Humid,1.584962501,0.655401951,0.013381089,0.809752289,0.029457176,0.899047521,0.012596351,8,-0.920558694,-0.876470599,0.03143378,-1.071643424,-0.961004783,0.085122802,0.008096359
EBref,795,EBee,158,ArJi|DyPo|PeCa,3,NA,13.28112093,1.692594884,3.900467276,3.087117405,151,Humid,1.584962501,0.695826013,0.013908213,0.919395942,0.028868747,0.893625101,0.013150237,8,-0.714903203,-0.937997629,1.615057038,-0.77405427,-1.034798996,1.493871345,0.009120805
EBref,796,EBee,159,ShLe|PaSp,2,NA,11.03705341,1.694418244,3.547624265,12.82523541,154,Humid,1,0.654231669,0.013463311,0.827668824,0.028236475,0.894208734,0.012947907,8,-0.932433165,-0.932322043,0.271253839,-1.080258669,-1.026856273,0.31532211,0.008217787
EBref,797,EBee,159,ShLe|PaSp,3,NA,6.138613177,2.95250768,7.131947097,1.965775338,162,Humid,1.584962501,0.987950611,0.016034218,0.563930367,0.024592981,1.170329094,0.012752936,8,1.277324676,2.983742541,-2.662053467,1.37647461,2.730890918,-3.073302376,0.007937358
EBref,798,EBee,160,ShLe|ArJi|PeCa,6,NA,11.00090115,2.026160936,5.437472937,3.08215177,137,Humid,2.584962501,0.853015777,0.015102755,0.827260925,0.027954676,0.983276099,0.012738606,8,0.232670571,0.100295965,0.249604971,0.383127049,0.18526963,0.310081247,0.009289987
EBref,799,EBee,160,ShLe|ArJi|PeCa,6,NA,11.59858827,1.882989622,4.716504113,15.17410773,139,Humid,2.584962501,0.784420519,0.014561476,0.85354203,0.029393399,0.947026504,0.013065613,8,-0.211811299,-0.345354476,0.607514818,-0.121849541,-0.308054416,0.647752125,0.009129413
EBref,800,EBee,160,ShLe|ArJi|PeCa,6,NA,11.26495796,1.736069524,3.803285449,2.275936491,141,Humid,2.584962501,0.684343718,0.013678321,0.838076995,0.028386625,0.905676689,0.012430378,8,-0.774816418,-0.802673786,0.407728727,-0.858583288,-0.870787837,0.449050737,0.008459777
EBref,801,EBee,160,ShLe|ArJi|PeCa,3,NA,9.775493543,2.042954204,5.097438707,24.72455023,166,Humid,1.584962501,0.821012338,0.015242693,0.769735931,0.027944103,0.987832906,0.012752071,8,0.023037303,0.152568498,-0.484199448,0.147527851,0.247283634,-0.429024478,0.008695975
EBref,802,EBee,160,ShLe|ArJi|PeCa,6,NA,9.024284193,2.339929213,6.489573364,2.079093657,168,Humid,2.584962501,0.940959726,0.016065138,0.731992705,0.027517854,1.055694791,0.012977476,8,0.881297181,1.076964874,-0.934042208,1.030542578,1.170822215,-0.913965593,0.009013665
IDref,803,IDENT,25,CoAf|DoAn|DoAb|JuPr,4,2,2.015453311,26.57146458,9.960777719,97.27,578,Dry,2,1.306475585,0.050283652,0.664417221,0.022479976,1.761469943,0.022949694,8,2.324587994,3.810965169,0.189491593,1.445799141,1.410796928,0.28365251,0.015891138
IDref,804,IDENT,25,CoAf|DoAn|DoAb|JuPr,4,3,2.48832944,8.78475317,7.249612545,95.12,613,Dry,2,1.156489852,0.051509151,0.762058948,0.023783333,1.419452808,0.045538092,8,1.324002258,0.559635216,0.726152992,1.091149577,0.813046899,0.639912847,0.013776062
IDref,805,IDENT,25,CoAf|DoAn|DoAb|JuPr,4,3,2.371474683,1.553295671,1.462683075,100,638,Dry,2,0.433865479,0.038182437,0.739015594,0.02411996,0.607671041,0.049484264,8,-0.811728584,-0.762242327,0.593535941,-0.617535736,-0.60571995,0.55583575,0.004446236
IDref,806,IDENT,25,CoAf|DoAn|DoAb|JuPr,4,5,2.062162373,6.265859891,3.774147367,82.4,659,Dry,2,0.834958434,0.053845502,0.674674584,0.023184141,1.271244563,0.051881322,8,0.041343084,0.09919298,0.242501142,0.330870751,0.554020455,0.321078019,0.010571247
IDref,807,IDENT,26,AfFa|DoAn|FaAl|OlEu,4,2,2.331864559,6.27978094,4.737990863,44.67,542,Dry,2,0.947458015,0.056386113,0.730923746,0.023722397,1.276007843,0.051750208,8,0.397060273,0.101737685,0.548582891,0.596882233,0.562345333,0.526311439,0.011508274
IDref,808,IDENT,26,AfFa|DoAn|FaAl|OlEu,4,3,2.207694507,5.168081104,3.672148808,99.68,592,Dry,2,0.818562025,0.056281543,0.705976363,0.023760392,1.182080792,0.054202271,8,0.003699379,-0.10147599,0.407663801,0.292100533,0.398187192,0.435287208,0.010066246
IDref,809,IDENT,26,AfFa|DoAn|FaAl|OlEu,4,2,2.105608995,7.751387467,4.594477683,88.6,598,Dry,2,0.925228906,0.052901783,0.684429862,0.022195239,1.368427991,0.047894516,8,0.344095134,0.370740665,0.291808188,0.544320274,0.72386983,0.356671601,0.011799079
IDref,810,IDENT,26,AfFa|DoAn|FaAl|OlEu,4,3,2.401645666,6.166864086,4.922868324,35.79,625,Dry,2,0.962232124,0.054988908,0.744460732,0.023775174,1.267238863,0.053401882,8,0.465291361,0.081096997,0.627776625,0.631816433,0.547019616,0.575703144,0.011617061
IDref,811,IDENT,26,AfFa|DoAn|FaAl|OlEu,2,0,0,0,0,0,670,Dry,1,0,0,0,0,0,0,8,-1.351548082,-1.046177711,-2.09782199,-1.643434665,-1.667758498,-2.140572377,0
IDref,812,IDENT,26,AfFa|DoAn|FaAl|OlEu,4,2,1.930557077,22.87126068,7.837051906,64.77,713,Dry,2,1.193438214,0.051931325,0.645894512,0.023327017,1.73002096,0.025054963,8,1.540803304,3.134584725,0.093143884,1.178516023,1.355832925,0.216069652,0.015091415
IDref,813,IDENT,27,AfFa|DoAb|FaAl|ZiSc,4,0,0,0,0,0,529,Dry,2,0,0,0,0,0,0,8,-1.351548082,-1.046177711,-2.09782199,-1.643434665,-1.667758498,-2.140572377,0
IDref,814,IDENT,27,AfFa|DoAb|FaAl|ZiSc,4,0,0,0,0,0,588,Dry,2,0,0,0,0,0,0,8,-1.351548082,-1.046177711,-2.09782199,-1.643434665,-1.667758498,-2.140572377,0
IDref,815,IDENT,27,AfFa|DoAb|FaAl|ZiSc,4,0,0,0,0,0,646,Dry,2,0,0,0,0,0,0,8,-1.351548082,-1.046177711,-2.09782199,-1.643434665,-1.667758498,-2.140572377,0
IDref,816,IDENT,27,AfFa|DoAb|FaAl|ZiSc,4,1,1.993248145,0.552054502,0.663785932,94.08,676,Dry,2,0.224459501,0.023327258,0.660886488,0.022676673,0.268184968,0.026698726,8,-1.106570482,-0.945264659,0.164291219,-1.112687757,-1.199046391,0.270770106,0.001376605
IDref,817,IDENT,27,AfFa|DoAb|FaAl|ZiSc,4,2,1.938128847,8.154402215,4.009489956,99.99,693,Dry,2,0.860417941,0.052140683,0.646939529,0.022672597,1.390986805,0.04814624,8,0.128198891,0.444409928,0.101736994,0.391071162,0.763296311,0.219882554,0.011391772
IDref,818,IDENT,28,AcAb|DoAn|JuPr|ZiSc,4,4,2.783328801,5.600878745,5.83378809,16.74,532,Dry,2,1.05058701,0.054491235,0.814481138,0.025061959,1.221676337,0.05256409,8,0.801476457,-0.022362549,1.060944198,0.840736449,0.467389099,0.831182991,0.012120314
IDref,819,IDENT,28,AcAb|DoAn|JuPr|ZiSc,4,2,2.219881529,13.21755388,7.835491241,13,584,Dry,2,1.19368409,0.052882663,0.708379523,0.023220826,1.57513155,0.038843717,8,1.540227323,1.369931026,0.421494705,1.179097412,1.085129678,0.444055496,0.014655853
IDref,820,IDENT,28,AcAb|DoAn|JuPr|ZiSc,4,3,2.406463009,8.323003264,6.429117109,5.6,615,Dry,2,1.095324571,0.056597071,0.746835413,0.023585682,1.399374821,0.045400287,8,1.02118927,0.475229433,0.633243769,0.946520887,0.77795621,0.584367519,0.013253739
IDref,821,IDENT,28,AcAb|DoAn|JuPr|ZiSc,4,3,2.291652704,14.98741862,9.440583328,4.41,624,Dry,2,1.274986665,0.049721449,0.721597342,0.022326986,1.613588847,0.034489451,8,2.132604454,1.693454251,0.502946943,1.37134185,1.152342247,0.492282668,0.0154037
IDref,822,IDENT,28,AcAb|DoAn|JuPr|ZiSc,4,2,1.810518224,23.35752063,6.491066545,68.45,661,Dry,2,1.099433683,0.052895933,0.617947505,0.022315753,1.732309854,0.025618351,8,1.0440524,3.223470832,-0.043086758,0.956237111,1.35983327,0.114100848,0.014463206
IDref,823,IDENT,28,AcAb|DoAn|JuPr|ZiSc,4,2,2.479504711,7.140430302,5.959803804,28.68,684,Dry,2,1.056611725,0.054792096,0.760918045,0.024616433,1.332434056,0.051364494,8,0.847983962,0.259060474,0.716137913,0.85498222,0.660962528,0.635750092,0.012672006
IDref,824,IDENT,29,AcAb|AfFa|CoAf|DoAb,4,6,2.222573428,12.1462465,7.346944007,17.24,539,Dry,2,1.163828072,0.054121051,0.707904699,0.022708911,1.54457487,0.037741408,8,1.35992352,1.174100909,0.424549708,1.108501206,1.031725171,0.44232303,0.01427865
IDref,825,IDENT,29,AcAb|AfFa|CoAf|DoAb,4,2,2.3119849,6.263024057,4.653608588,7.64,568,Dry,2,0.935435357,0.054232942,0.729100984,0.024398002,1.273642989,0.052561411,8,0.365918054,0.098674603,0.526021706,0.568453994,0.558212231,0.519660822,0.011451993
IDref,826,IDENT,29,AcAb|AfFa|CoAf|DoAb,4,2,2.324126269,6.863543289,5.075726316,27.36,597,Dry,2,0.977563879,0.055857428,0.7292228,0.024213865,1.314146384,0.051777828,8,0.521705308,0.208446787,0.539800799,0.668069214,0.629000806,0.520105285,0.011928465
IDref,827,IDENT,29,AcAb|AfFa|CoAf|DoAb,4,2,2.289464601,6.23838899,4.555885661,94.01,657,Dry,2,0.923393681,0.055895683,0.723511104,0.024553117,1.270538232,0.053680173,8,0.329852318,0.094171424,0.500463691,0.539980784,0.552785986,0.499265313,0.011328282
IDref,828,IDENT,29,AcAb|AfFa|CoAf|DoAb,4,3,2.360019508,6.579619687,5.041553491,11.3,706,Dry,2,0.973604401,0.056014506,0.737193431,0.025223675,1.294877528,0.050594119,8,0.509093446,0.156546844,0.580535602,0.65870681,0.59532425,0.549187315,0.011830059
IDref,829,IDENT,30,AcAb|AfFa|FaAl|OlEu,4,3,2.346685473,5.535238975,4.304257286,1.07,536,Dry,2,0.89740942,0.057222617,0.734873566,0.024614859,1.215187173,0.054967336,8,0.236986061,-0.034361201,0.565402967,0.478539561,0.45604786,0.540722945,0.010860406
IDref,830,IDENT,30,AcAb|AfFa|FaAl|OlEu,4,3,2.362366763,12.70450713,8.892682295,9.28,622,Dry,2,1.255116114,0.049648868,0.737945464,0.024616923,1.55942117,0.038654511,8,1.930395469,1.276148413,0.583199473,1.324356832,1.05767234,0.551931221,0.015070373
IDref,831,IDENT,30,AcAb|AfFa|FaAl|OlEu,4,0,0,0,0,0,640,Dry,2,0,0,0,0,0,0,8,-1.351548082,-1.046177711,-2.09782199,-1.643434665,-1.667758498,-2.140572377,0
IDref,832,IDENT,30,AcAb|AfFa|FaAl|OlEu,4,3,2.389200078,10.34259343,7.650683962,11.33,703,Dry,2,1.179326267,0.054129124,0.742979961,0.023981808,1.485398999,0.042515644,8,1.472022137,0.84440133,0.613652278,1.145147545,0.928302346,0.57030033,0.014245861
IDref,833,IDENT,31,AcAb|AfFa|JuPr|OlEu,4,2,2.360970169,7.052942883,5.355644685,16.43,540,Dry,2,1.00737454,0.054449419,0.737630636,0.023307886,1.324564794,0.048210788,8,0.625012303,0.243068171,0.581614495,0.738558173,0.647209264,0.550782524,0.01219019
IDref,834,IDENT,31,AcAb|AfFa|JuPr|OlEu,4,2,1.902843053,5.162317746,2.874802576,66.19,579,Dry,2,0.703461303,0.047256863,0.63954345,0.02232854,1.180216054,0.054456359,8,-0.290570138,-0.102529505,0.061691573,0.019938508,0.394928153,0.19289686,0.009100354
IDref,835,IDENT,31,AcAb|AfFa|JuPr|OlEu,4,2,2.362602447,6.966219109,5.30613589,8.21,717,Dry,2,1.001668253,0.055178898,0.736912338,0.022678156,1.321193023,0.047968803,8,0.60674053,0.22721546,0.583466948,0.72506534,0.641316354,0.548161707,0.012138134
IDref,836,IDENT,32,AfFa|CoAf|DoAb|ZiSc,4,3,2.419856785,3.195054455,2.791333059,98.25,550,Dry,2,0.690973813,0.05035499,0.748434858,0.023581685,0.943362917,0.056023252,8,-0.321375494,-0.462136288,0.648444204,-0.009588853,-0.019024702,0.590203332,0.00796506
IDref,837,IDENT,32,AfFa|CoAf|DoAb|ZiSc,4,0,0,0,0,0,583,Dry,2,0,0,0,0,0,0,8,-1.351548082,-1.046177711,-2.09782199,-1.643434665,-1.667758498,-2.140572377,0
IDref,838,IDENT,32,AfFa|CoAf|DoAb|ZiSc,4,3,2.120494704,2.459952423,1.967160657,86.69,643,Dry,2,0.541691836,0.041246325,0.687035609,0.02214106,0.816012594,0.053289094,8,-0.625545508,-0.596509596,0.308701799,-0.362574347,-0.241597349,0.366179055,0.006058168
IDref,839,IDENT,32,AfFa|CoAf|DoAb|ZiSc,4,0,0,0,0,0,664,Dry,2,0,0,0,0,0,0,8,-1.351548082,-1.046177711,-2.09782199,-1.643434665,-1.667758498,-2.140572377,0
IDref,840,IDENT,32,AfFa|CoAf|DoAb|ZiSc,4,4,3.245804982,4.785484254,6.317130537,40.13,698,Dry,2,1.088069927,0.054736438,0.890343726,0.025881447,1.148468428,0.053440731,8,0.979859377,-0.171412954,1.585802822,0.92936688,0.339442207,1.107978909,0.012228946
IDref,841,IDENT,33,CoAf|DoAn|JuPr|OlEu,4,2,2.011216618,3.414560185,2.358643172,73.59,575,Dry,2,0.618893621,0.048026303,0.664635708,0.021974134,0.976961413,0.055846331,8,-0.481064521,-0.422011639,0.184683421,-0.180026456,0.039696046,0.284449691,0.007401638
IDref,842,IDENT,33,CoAf|DoAn|JuPr|OlEu,4,3,2.449017578,6.460569739,5.318008203,40.68,614,Dry,2,1.001581232,0.054031263,0.754868141,0.024383151,1.289312145,0.051528293,8,0.611122139,0.134785055,0.681538435,0.724859576,0.585597521,0.613676122,0.01204622
IDref,843,IDENT,33,CoAf|DoAn|JuPr|OlEu,4,2,2.081436071,11.18798437,5.872134741,47.17,633,Dry,2,1.05317463,0.05479324,0.679357197,0.022426582,1.515956483,0.041246929,8,0.815628716,0.99893495,0.264374629,0.846855019,0.981708258,0.33816323,0.01337451
IDref,844,IDENT,33,CoAf|DoAn|JuPr|OlEu,4,0,0,0,0,0,669,Dry,2,0,0,0,0,0,0,8,-1.351548082,-1.046177711,-2.09782199,-1.643434665,-1.667758498,-2.140572377,0
IDref,845,IDENT,33,CoAf|DoAn|JuPr|OlEu,4,2,2.366506815,6.979219865,5.331726476,65.07,714,Dry,2,1.005905079,0.055620718,0.739031053,0.023274762,1.3202615,0.05101029,8,0.616185021,0.229591939,0.587897968,0.735083549,0.639688314,0.555892152,0.012161904
IDref,846,IDENT,34,AcAb|CoAf|DoAn|FaAl,4,3,2.331898239,5.318211223,4.116168193,49.58,537,Dry,2,0.877618651,0.056173622,0.73046121,0.023176384,1.196010773,0.054121626,8,0.167569684,-0.074032887,0.548621114,0.431743193,0.422532891,0.524623807,0.010574806
IDref,847,IDENT,34,AcAb|CoAf|DoAn|FaAl,4,2,2.230208647,8.489824421,5.559876492,14.89,577,Dry,2,1.024543637,0.054579491,0.710605172,0.023374667,1.406773995,0.048613457,8,0.700386328,0.505723582,0.433214826,0.779155452,0.790887891,0.452176104,0.012697314
IDref,848,IDENT,34,AcAb|CoAf|DoAn|FaAl,4,2,2.314883427,4.638961414,3.625488094,8.76,616,Dry,2,0.813317102,0.052172646,0.72908397,0.024123652,1.129433375,0.056559631,8,-0.013521278,-0.198196662,0.529311209,0.279698622,0.306174272,0.519598743,0.009799329
IDref,849,IDENT,34,AcAb|CoAf|DoAn|FaAl,4,2,2.239733442,10.6028505,6.712071567,4.48,639,Dry,2,1.119772607,0.053665086,0.712101956,0.023782199,1.495498153,0.042183366,8,1.125616767,0.891975139,0.444024401,1.00432962,0.945952835,0.457637343,0.01377431
IDref,850,IDENT,34,AcAb|CoAf|DoAn|FaAl,4,3,2.207460993,8.647996183,5.519375687,16.9,663,Dry,2,1.021313605,0.054946735,0.704991481,0.023767439,1.414767977,0.045583988,8,0.685439054,0.534636661,0.407398789,0.771517862,0.804859129,0.431693721,0.01268991
IDref,851,IDENT,34,AcAb|CoAf|DoAn|FaAl,4,4,2.864505307,5.578371344,6.10409348,23.17,704,Dry,2,1.073030356,0.056691567,0.827826308,0.024669126,1.217663984,0.052759851,8,0.901235675,-0.0264768,1.153070433,0.893804982,0.460376632,0.879874824,0.012266463
IDref,852,IDENT,35,DoAn|FaAl|OlEu|ZiSc,4,2,1.911620735,3.99662164,2.453962182,99.78,569,Dry,2,0.632295615,0.045993741,0.642475861,0.022327842,1.057412881,0.058009818,8,-0.445885978,-0.315613452,0.071653258,-0.148336699,0.180302648,0.203596199,0.007928066
IDref,853,IDENT,35,DoAn|FaAl|OlEu|ZiSc,4,3,2.286976311,6.55814471,4.738776191,38.34,610,Dry,2,0.944311268,0.054735063,0.721200225,0.024605044,1.29448564,0.051653865,8,0.397350107,0.152621316,0.497639761,0.589441576,0.59463934,0.49083373,0.011568868
IDref,854,IDENT,35,DoAn|FaAl|OlEu|ZiSc,4,2,1.865938858,8.581140019,3.822188217,94.69,674,Dry,2,0.839821374,0.051913492,0.632222459,0.021590368,1.410439951,0.045373513,8,0.059073096,0.522415658,0.019809449,0.342369441,0.797294954,0.16618514,0.011334937
IDref,855,IDENT,36,AfFa|DoAb|JuPr|ZiSc,4,2,2.327590268,8.098182427,5.853778022,100,585,Dry,2,1.053947417,0.054863238,0.73160764,0.023533673,1.385971612,0.045597666,8,0.808853965,0.434133206,0.54373205,0.848682317,0.754531159,0.528806729,0.012822468
IDref,856,IDENT,36,AfFa|DoAb|JuPr|ZiSc,4,0,0,0,0,0,636,Dry,2,0,0,0,0,0,0,8,-1.351548082,-1.046177711,-2.09782199,-1.643434665,-1.667758498,-2.140572377,0
IDref,857,IDENT,36,AfFa|DoAb|JuPr|ZiSc,2,2,2.133774776,8.918823802,5.250867892,99.43,689,Dry,1,0.995177478,0.052908942,0.691275629,0.02515994,1.427478607,0.046208843,8,0.586343259,0.584142718,0.323773192,0.709717545,0.827073745,0.381649398,0.012588184
IDref,858,IDENT,37,DoAb|JuPr|OlEu|ZiSc,4,2,1.838975875,1.291911657,1.168864084,96.92,533,Dry,2,0.361693228,0.033048959,0.625013348,0.022246132,0.533385865,0.04437473,8,-0.920165759,-0.810022136,-0.010790515,-0.788191016,-0.735549604,0.139881626,0.003175383
IDref,859,IDENT,37,DoAb|JuPr|OlEu|ZiSc,4,2,2.180588795,2.982189596,2.343933443,99.99,586,Dry,2,0.615101609,0.046114815,0.699984158,0.023156571,0.910533296,0.055565584,8,-0.486493311,-0.501047016,0.376901856,-0.188992878,-0.076401671,0.41342376,0.007115004
IDref,860,IDENT,37,DoAb|JuPr|OlEu|ZiSc,4,3,2.543517551,1.646286649,1.59264225,100,601,Dry,2,0.461991763,0.038811806,0.771714349,0.023822535,0.62988331,0.047353446,8,-0.763765702,-0.745243999,0.788785311,-0.551029579,-0.566899134,0.675142013,0.004864231
IDref,861,IDENT,37,DoAb|JuPr|OlEu|ZiSc,4,2,1.757034375,2.9608675,1.843761057,100,641,Dry,2,0.517280989,0.043654266,0.605022617,0.022471439,0.909316233,0.058948732,8,-0.671087506,-0.504944598,-0.103784932,-0.420295146,-0.078528756,0.066942476,0.006139108
IDref,862,IDENT,37,DoAb|JuPr|OlEu|ZiSc,4,0,0,0,0,0,668,Dry,2,0,0,0,0,0,0,8,-1.351548082,-1.046177711,-2.09782199,-1.643434665,-1.667758498,-2.140572377,0
IDref,863,IDENT,37,DoAb|JuPr|OlEu|ZiSc,4,2,2.090190938,19.56183221,8.955682215,100,688,Dry,2,1.25557482,0.051698814,0.680181564,0.022747003,1.691306999,0.029369687,8,1.953646292,2.529636251,0.274310422,1.325441467,1.28817178,0.341171054,0.015432895
IDref,864,IDENT,38,AcAb|DoAn|DoAb|FaAl,4,3,2.333164161,7.609374824,5.580860927,7.14,528,Dry,2,1.028314978,0.055097602,0.731999365,0.024069052,1.360789453,0.049153644,8,0.708130868,0.3447814,0.550057793,0.788072996,0.710519809,0.530235995,0.012527875
IDref,865,IDENT,38,AcAb|DoAn|DoAb|FaAl,4,2,2.364986744,5.600520707,4.406100253,36.81,576,Dry,2,0.909758667,0.052170325,0.737702603,0.023733962,1.223325554,0.052827971,8,0.274572343,-0.022427997,0.586172858,0.507740039,0.470271467,0.551045105,0.010996992
IDref,866,IDENT,38,AcAb|DoAn|DoAb|FaAl,4,3,2.406984538,5.631761474,4.564013773,0.14,602,Dry,2,0.927715906,0.055893777,0.745025288,0.024188566,1.222214518,0.051221898,8,0.332852088,-0.016717327,0.633835646,0.550200925,0.468329688,0.577763009,0.011093074
IDref,867,IDENT,38,AcAb|DoAn|DoAb|FaAl,4,3,2.247368431,9.117138948,5.987630973,29.64,628,Dry,2,1.062201248,0.05396374,0.715641017,0.022990328,1.436337104,0.045527037,8,0.858253889,0.620393824,0.452689257,0.868198958,0.842555915,0.470550133,0.013136848
IDref,868,IDENT,38,AcAb|DoAn|DoAb|FaAl,4,2,2.106364789,12.69654895,6.640574914,40.3,683,Dry,2,1.113738501,0.054216054,0.685012186,0.023215903,1.560137173,0.038452706,8,1.09923013,1.274693694,0.292665929,0.990061644,1.058923713,0.358796295,0.013997696
IDref,869,IDENT,39,AcAb|CoAf|FaAl|ZiSc,4,3,2.444408797,3.089917579,2.741044891,65.98,558,Dry,2,0.681130633,0.048801684,0.753534189,0.023913597,0.927641169,0.055671973,8,-0.339934903,-0.481354831,0.676307985,-0.032863597,-0.046501908,0.608808997,0.00784645
IDref,870,IDENT,39,AcAb|CoAf|FaAl|ZiSc,4,2,2.227930098,5.895665149,4.142409114,83.42,574,Dry,2,0.880424986,0.055953669,0.709635193,0.023431823,1.244258318,0.050750249,8,0.177254188,0.031523065,0.430628928,0.438378929,0.506856067,0.448636994,0.010813916
IDref,871,IDENT,39,AcAb|CoAf|FaAl|ZiSc,4,2,2.266255777,4.943220894,3.696491776,57.32,649,Dry,2,0.821315659,0.053368408,0.717706945,0.024012803,1.159307656,0.055190626,8,0.012683423,-0.142579413,0.474124278,0.298611653,0.358386137,0.478087979,0.009978582
IDref,872,IDENT,39,AcAb|CoAf|FaAl|ZiSc,4,3,2.29487651,7.610519381,5.397248022,4.26,660,Dry,2,1.009480371,0.055752747,0.723036342,0.024001223,1.360893151,0.047155436,8,0.640366478,0.34499062,0.506605601,0.743537525,0.710701044,0.497533076,0.012375699
IDref,873,IDENT,39,AcAb|CoAf|FaAl|ZiSc,4,3,2.539337794,3.664624601,3.354447243,36.47,692,Dry,2,0.774467557,0.051772443,0.772983542,0.024313425,1.010071639,0.052983935,8,-0.113551926,-0.376301001,0.784041756,0.187836724,0.097563436,0.67977285,0.00898845
IDref,874,IDENT,40,AfFa|JuPr|OlEu|ZiSc,4,2,2.545457918,2.098549944,1.998815052,100,561,Dry,2,0.54681244,0.044782345,0.773460205,0.025018934,0.74094341,0.052826958,8,-0.613863101,-0.662572326,0.79098741,-0.350466397,-0.372797228,0.681512024,0.006017971
IDref,875,IDENT,40,AfFa|JuPr|OlEu|ZiSc,4,2,1.793910754,17.59541138,5.343292541,99.99,695,Dry,2,1.005042172,0.056354316,0.615085997,0.022118457,1.662019307,0.031436434,8,0.620453606,2.170183467,-0.061934375,0.733043158,1.236985109,0.103660213,0.013643337
IDref,876,IDENT,41,AfFa|CoAf|DoAb|OlEu,4,0,0,0,0,0,589,Dry,2,0,0,0,0,0,0,8,-1.351548082,-1.046177711,-2.09782199,-1.643434665,-1.667758498,-2.140572377,0
IDref,877,IDENT,41,AfFa|CoAf|DoAb|OlEu,4,2,2.034361443,8.644830334,4.626659834,82.58,599,Dry,2,0.934205475,0.054004542,0.669182987,0.023434839,1.417325474,0.046666428,8,0.355972316,0.534057958,0.210950203,0.565545869,0.809328918,0.301041113,0.012073598
IDref,878,IDENT,41,AfFa|CoAf|DoAb|OlEu,4,3,1.962396503,5.371831111,3.106161124,100,629,Dry,2,0.740050529,0.051439085,0.653929488,0.022502171,1.201832333,0.051710522,8,-0.205184686,-0.064231415,0.129278063,0.106455756,0.432707345,0.245386455,0.009526663
IDref,879,IDENT,42,AcAb|DoAn|OlEu|ZiSc,4,2,2.262944365,9.959651879,6.53480819,51.26,554,Dry,2,1.105410269,0.054299846,0.717091897,0.023312712,1.468907448,0.042729603,8,1.060195741,0.774401357,0.470366196,0.970369078,0.89947974,0.475843885,0.013551856
IDref,880,IDENT,42,AcAb|DoAn|OlEu|ZiSc,4,3,2.280857113,11.30211482,7.385573275,4.72,565,Dry,2,1.162457771,0.051907595,0.720908042,0.023526933,1.51563763,0.040020967,8,1.374180082,1.019797477,0.490695157,1.105261054,0.981150992,0.489767655,0.014188651
IDref,881,IDENT,42,AcAb|DoAn|OlEu|ZiSc,4,3,2.386439153,7.592231985,5.8310591,32.84,632,Dry,2,1.04828647,0.056927786,0.742069694,0.023696669,1.356829149,0.048316776,8,0.800469293,0.341647767,0.610518937,0.835296695,0.703598308,0.566979084,0.012652315
IDref,882,IDENT,42,AcAb|DoAn|OlEu|ZiSc,4,2,1.977664434,1.298695776,1.195095458,66.37,702,Dry,2,0.370036371,0.033812052,0.655818021,0.023093455,0.536239621,0.046652493,8,-0.910484778,-0.80878203,0.146605453,-0.768463191,-0.730562039,0.252277049,0.003355021
IDref,883,IDENT,43,JuPr|ZiSc,2,0,0,0,0,0,570,Dry,1,0,0,0,0,0,0,8,-1.351548082,-1.046177711,-2.09782199,-1.643434665,-1.667758498,-2.140572377,0
IDref,884,IDENT,43,JuPr|ZiSc,2,3,2.330011394,0.472406907,0.530289281,28.61,612,Dry,1,0.182289531,0.018127017,0.729524302,0.023531788,0.234390166,0.023306683,8,-1.15583891,-0.959823877,0.546479756,-1.212400982,-1.258110226,0.521205361,0.00127605
IDref,885,IDENT,44,AfFa|DoAb,2,3,2.850004796,2.287862883,2.379241153,99.19,534,Dry,1,0.624005261,0.049512794,0.827063941,0.025604475,0.780702679,0.054792324,8,-0.473462607,-0.627966781,1.136613978,-0.167939699,-0.303309176,0.877093216,0.006886343
IDref,886,IDENT,44,AfFa|DoAb,2,0,0,0,0,0,581,Dry,1,0,0,0,0,0,0,8,-1.351548082,-1.046177711,-2.09782199,-1.643434665,-1.667758498,-2.140572377,0
IDref,887,IDENT,44,AfFa|DoAb,2,2,1.951224408,0.919352712,0.945342956,100,621,Dry,1,0.305447875,0.028591815,0.650742194,0.022509076,0.411377893,0.037396314,8,-1.002658723,-0.878124217,0.116598988,-0.921186264,-0.948785318,0.233757141,0.002360693
IDref,888,IDENT,44,AfFa|DoAb,2,2,1.898553268,0.372620315,0.531058462,99.59,656,Dry,1,0.182102398,0.018729227,0.638583606,0.022336715,0.189227124,0.019132388,8,-1.155555035,-0.978064412,0.056823148,-1.212843469,-1.337042556,0.189394729,0.000846259
IDref,889,IDENT,45,CoAf|DoAn,2,2,2.131733268,14.49012309,7.565829388,73.94,609,Dry,1,1.173598088,0.052469038,0.690843957,0.022763838,1.603711042,0.03559956,8,1.44070561,1.60255089,0.321456309,1.131602948,1.135078615,0.380074379,0.014630255
IDref,890,IDENT,45,CoAf|DoAn,2,3,2.416948962,4.388435281,3.688435155,75.74,635,Dry,1,0.817430302,0.054600769,0.747520927,0.023379915,1.10364762,0.054883957,8,0.009710037,-0.2439917,0.645144151,0.289424512,0.261108004,0.586868717,0.009750689
IDref,891,IDENT,45,CoAf|DoAn,2,3,2.090053873,5.993221008,3.743546816,79.29,680,Dry,1,0.829872152,0.053370749,0.681463359,0.022913401,1.253534877,0.051503974,8,0.03004961,0.049355832,0.274154868,0.318843955,0.523068891,0.345847874,0.010485124
IDref,892,IDENT,45,CoAf|DoAn,2,0,0,0,0,0,701,Dry,1,0,0,0,0,0,0,8,-1.351548082,-1.046177711,-2.09782199,-1.643434665,-1.667758498,-2.140572377,0
IDref,893,IDENT,46,AfFa|DoAn,2,2,2.206509371,10.00723696,6.189569517,29.7,559,Dry,1,1.077469185,0.056008001,0.706286856,0.023303143,1.473711655,0.043124919,8,0.93278156,0.783099693,0.406318804,0.904300839,0.907876146,0.43642009,0.013404296
IDref,894,IDENT,46,AfFa|DoAn,2,3,2.217278085,1.990077459,1.729753805,64.68,604,Dry,1,0.494263376,0.041050476,0.707426691,0.022276053,0.716882849,0.051490057,8,-0.713163154,-0.682400603,0.418540087,-0.474721565,-0.41484834,0.440578947,0.005273537
IDref,895,IDENT,46,AfFa|DoAn,2,3,2.355510655,9.389837726,6.812902166,23.58,637,Dry,1,1.12366248,0.053489639,0.735251968,0.023921671,1.447503188,0.045302651,8,1.162829424,0.670241921,0.575418559,1.013527441,0.862071098,0.5421036,0.013633061
IDref,896,IDENT,46,AfFa|DoAn,2,0,0,0,0,0,678,Dry,1,0,0,0,0,0,0,8,-1.351548082,-1.046177711,-2.09782199,-1.643434665,-1.667758498,-2.140572377,0
IDref,897,IDENT,46,AfFa|DoAn,2,2,2.034368764,21.10335229,8.720377851,80.44,707,Dry,1,1.244082794,0.050983019,0.667659051,0.022303608,1.707514472,0.027418411,8,1.866804593,2.811419111,0.210958512,1.298267936,1.316497897,0.295480807,0.015337283
IDref,898,IDENT,47,AcAb|AfFa,2,3,2.370190884,7.388610642,5.617512559,4.1,560,Dry,1,1.031227636,0.054717203,0.739467803,0.024573056,1.345777676,0.050463203,8,0.721657561,0.304426711,0.592078973,0.794960138,0.684283432,0.5574857,0.012474945
IDref,899,IDENT,47,AcAb|AfFa,2,3,2.207283802,7.939957286,5.157538404,6.47,572,Dry,1,0.987355709,0.056001579,0.706383427,0.023728297,1.377572,0.047644539,8,0.551898971,0.40521037,0.407197697,0.691222539,0.739850994,0.436772442,0.012283168
IDref,900,IDENT,47,AcAb|AfFa,2,3,2.385863158,10.94007609,8.007400243,2.83,620,Dry,1,1.199331627,0.052882642,0.741884365,0.024813664,1.50998613,0.041253419,8,1.603672257,0.953618443,0.609865248,1.192451326,0.971273756,0.566302887,0.014530935
IDref,901,IDENT,47,AcAb|AfFa,2,2,2.190671069,13.37744867,7.643827162,2.9,650,Dry,1,1.181418985,0.053271837,0.702998419,0.023191199,1.576326918,0.03606307,8,1.469491558,1.399159066,0.388344107,1.150095893,1.087218846,0.424421739,0.014558837
IDref,902,IDENT,47,AcAb|AfFa,2,3,2.387667114,8.083200963,6.164318179,43.51,679,Dry,1,1.075740159,0.054161965,0.741518761,0.023233632,1.387762798,0.047950267,8,0.923462272,0.431394663,0.611912535,0.90021246,0.757661651,0.564968926,0.013017959
IDref,903,IDENT,47,AcAb|AfFa,2,4,2.564649513,5.68871772,5.141490372,18.37,699,Dry,1,0.984285445,0.057402666,0.775987456,0.025463762,1.229570788,0.051463264,8,0.545976266,-0.006305984,0.812767719,0.68396273,0.481186385,0.690733076,0.011644346
IDref,904,IDENT,48,FaAl|JuPr,2,3,2.641127921,5.040397386,4.811029889,91.15,549,Dry,1,0.953555017,0.055008458,0.789253114,0.024232382,1.172821721,0.054538407,8,0.42401614,-0.124815992,0.899562139,0.611298932,0.382004933,0.739134799,0.011139482
IDref,905,IDENT,48,FaAl|JuPr,2,4,2.574345861,6.920247156,6.228954836,96.55,619,Dry,1,1.08129315,0.054578334,0.777566656,0.02539059,1.318628917,0.049497696,8,0.947317151,0.218811996,0.823771987,0.913342815,0.636835016,0.696495021,0.012775552
IDref,906,IDENT,48,FaAl|JuPr,2,3,2.586098097,3.271586182,3.083882132,100,716,Dry,1,0.736720878,0.052749958,0.779827838,0.024394247,0.956937842,0.054832828,8,-0.213406997,-0.448146636,0.837109458,0.098582614,0.00470046,0.704745281,0.008454349
IDref,907,IDENT,49,AcAb|OlEu|ZiSc,2,3,2.404751372,8.924879434,6.825001163,26.5,547,Dry,1,1.128849112,0.056992039,0.744859706,0.023881347,1.429078928,0.046684284,8,1.167294694,0.58524966,0.631301253,1.025791519,0.829870657,0.577158858,0.013583677
IDref,908,IDENT,49,AcAb|OlEu|ZiSc,2,5,2.037336621,13.33704394,6.318895894,35.64,573,Dry,1,1.091128068,0.056816487,0.670500951,0.023141668,1.577420903,0.037100677,8,0.980510901,1.391773265,0.214326697,0.936598022,1.089130825,0.305849901,0.013898325
IDref,909,IDENT,49,AcAb|OlEu|ZiSc,2,0,0,0,0,0,675,Dry,1,0,0,0,0,0,0,8,-1.351548082,-1.046177711,-2.09782199,-1.643434665,-1.667758498,-2.140572377,0
IDref,910,IDENT,49,AcAb|OlEu|ZiSc,2,3,2.41309303,8.278799136,6.436444197,31.93,712,Dry,1,1.096595868,0.054596739,0.747767389,0.023532637,1.396437015,0.046082965,8,1.023893413,0.467149119,0.6407681,0.949526939,0.772821749,0.587767972,0.013234163
IDref,911,IDENT,50,AcAb|DoAn,2,3,2.365454136,7.607236168,5.737331547,23.47,535,Dry,1,1.042580906,0.055361896,0.737826925,0.024478043,1.358877137,0.04913194,8,0.765878095,0.344390463,0.586703295,0.821805572,0.707177617,0.551498712,0.012604604
IDref,912,IDENT,50,AcAb|DoAn,2,2,2.237577934,7.677528147,5.163593192,2.21,564,Dry,1,0.98704674,0.055931742,0.711663383,0.023617972,1.363656963,0.047088733,8,0.554133558,0.357239517,0.441578141,0.690491965,0.715531412,0.456037147,0.012213126
IDref,913,IDENT,50,AcAb|DoAn,2,3,2.335105435,7.904609771,5.77369486,3.27,594,Dry,1,1.04415466,0.05499177,0.732216634,0.02360089,1.37454747,0.046506733,8,0.779298381,0.398749005,0.552260922,0.825526801,0.734564964,0.531028733,0.012696138
IDref,914,IDENT,50,AcAb|DoAn,2,2,2.20855132,7.733343591,5.056920186,20.84,642,Dry,1,0.976073073,0.054144179,0.70795974,0.023299084,1.367643897,0.047130448,8,0.514764696,0.367442327,0.408636187,0.664544122,0.722499455,0.442523854,0.01219565
IDref,915,IDENT,50,AcAb|DoAn,2,3,2.39473283,6.454575283,5.09605955,16.3,711,Dry,1,0.976609052,0.054501585,0.745343813,0.023252354,1.286221205,0.052512439,8,0.529209514,0.133689296,0.619931331,0.665811474,0.580195425,0.578925196,0.011857267
IDref,916,IDENT,51,DoAb|FaAl,2,2,2.099728795,17.44518397,8.338445536,100,530,Dry,1,1.221797792,0.054423241,0.68422298,0.023002108,1.659417339,0.030810525,8,1.725848214,2.142722579,0.28513482,1.245573816,1.232437597,0.355916761,0.015146073
IDref,917,IDENT,51,DoAb|FaAl,2,0,0,0,0,0,567,Dry,1,0,0,0,0,0,0,8,-1.351548082,-1.046177711,-2.09782199,-1.643434665,-1.667758498,-2.140572377,0
IDref,918,IDENT,51,DoAb|FaAl,2,2,1.842751254,1.501131127,1.281851156,100,671,Dry,1,0.392192661,0.035411011,0.625336405,0.02092451,0.593075686,0.049553675,8,-0.87846662,-0.771777768,-0.006505883,-0.716073417,-0.631228537,0.141060347,0.003645531
IDref,919,IDENT,51,DoAb|FaAl,2,2,2.12841904,0.521603844,0.611624722,100,715,Dry,1,0.208385674,0.021010606,0.690281301,0.023023459,0.255298605,0.025143695,8,-1.125821159,-0.950830901,0.317695032,-1.15069521,-1.221568139,0.378021444,0.001348888
IDref,920,IDENT,52,DoAb|JuPr,2,2,2.311682387,0.318241584,0.383109089,100,531,Dry,1,0.135423052,0.014493463,0.726775051,0.024450523,0.164817951,0.018194488,8,-1.210157401,-0.988004597,0.525678388,-1.323219366,-1.379702946,0.511174311,0.000805206
IDref,921,IDENT,52,DoAb|JuPr,2,2,1.875895404,3.582042208,2.231494994,100,634,Dry,1,0.592794984,0.046296585,0.634823362,0.022350781,1.001005752,0.056368878,8,-0.527989974,-0.391396687,0.031109012,-0.241738127,0.081718807,0.17567492,0.007296084
IDref,922,IDENT,53,OlEu|ZiSc,2,2,1.911076901,34.57068953,9.921338697,43.31,556,Dry,1,1.302347309,0.051304333,0.641462257,0.021691997,1.81109196,0.019606806,8,2.310032583,5.27318711,0.071036068,1.436037606,1.497522295,0.199897913,0.015904905
IDref,923,IDENT,53,OlEu|ZiSc,2,0,0,0,0,0,593,Dry,1,0,0,0,0,0,0,8,-1.351548082,-1.046177711,-2.09782199,-1.643434665,-1.667758498,-2.140572377,0
IDref,924,IDENT,53,OlEu|ZiSc,2,2,1.971911538,4.563200909,2.803149694,99.94,645,Dry,1,0.690981534,0.048460967,0.654599337,0.02167563,1.122971409,0.054146815,8,-0.317014433,-0.212045338,0.140076561,-0.009570596,0.294880568,0.247830501,0.008732989
IDref,925,IDENT,53,OlEu|ZiSc,2,3,2.036502502,1.456615819,1.306701872,100,677,Dry,1,0.398232095,0.03640834,0.669391794,0.022498029,0.582674381,0.048519352,8,-0.869295187,-0.779914964,0.213380065,-0.701792843,-0.6494071,0.301802976,0.003813844
IDref,926,IDENT,54,AfFa|CoAf,2,3,2.588025046,3.621414842,3.399652987,69.66,557,Dry,1,0.782243455,0.051812915,0.781309931,0.025438471,1.00757149,0.056418375,8,-0.096868242,-0.384199548,0.839296329,0.206223266,0.093193875,0.710152916,0.009056121
IDref,927,IDENT,54,AfFa|CoAf,2,2,1.813119265,1.01485858,1.008815163,98.15,562,Dry,1,0.32072985,0.030561809,0.620695378,0.021843943,0.44439105,0.039357918,8,-0.979233598,-0.860666178,-0.040134869,-0.885051188,-0.891087579,0.124126871,0.002488756
IDref,928,IDENT,54,AfFa|CoAf,2,0,0,0,0,0,607,Dry,1,0,0,0,0,0,0,8,-1.351548082,-1.046177711,-2.09782199,-1.643434665,-1.667758498,-2.140572377,0
IDref,929,IDENT,54,AfFa|CoAf,2,0,0,0,0,0,652,Dry,1,0,0,0,0,0,0,8,-1.351548082,-1.046177711,-2.09782199,-1.643434665,-1.667758498,-2.140572377,0
IDref,930,IDENT,54,AfFa|CoAf,2,3,2.072557977,7.298951326,4.25725884,47.37,667,Dry,1,0.890706928,0.054651553,0.677633071,0.022666828,1.342017878,0.047459238,8,0.21964076,0.288037396,0.254298987,0.462691148,0.67771236,0.331872498,0.011390384
IDref,931,IDENT,54,AfFa|CoAf,2,0,0,0,0,0,708,Dry,1,0,0,0,0,0,0,8,-1.351548082,-1.046177711,-2.09782199,-1.643434665,-1.667758498,-2.140572377,0
IDref,932,IDENT,55,AfFa|JuPr,2,2,1.913103852,0.859764459,0.906630247,99.98,681,Dry,1,0.293614435,0.028502197,0.643042651,0.022490957,0.389191521,0.03539692,8,-1.01694608,-0.889016678,0.07333643,-0.949167089,-0.987560875,0.205664216,0.002170937
IDref,933,IDENT,56,FaAl|ZiSc,2,0,0,0,0,0,541,Dry,1,0,0,0,0,0,0,8,-1.351548082,-1.046177711,-2.09782199,-1.643434665,-1.667758498,-2.140572377,0
IDref,934,IDENT,56,FaAl|ZiSc,2,2,2.299163746,1.531891931,1.426299859,100,582,Dry,1,0.425483048,0.037340253,0.725660297,0.024043972,0.600506246,0.04867881,8,-0.825156216,-0.766154833,0.511471134,-0.637356456,-0.618242002,0.507106965,0.004299249
IDref,935,IDENT,56,FaAl|ZiSc,2,2,1.9743737,5.443780927,3.166629975,100,617,Dry,1,0.749141601,0.052088208,0.656614449,0.023116358,1.206445739,0.053838464,8,-0.182867983,-0.051079316,0.142870839,0.127952099,0.440770285,0.255182937,0.009613422
IDref,936,IDENT,56,FaAl|ZiSc,2,2,2.255755497,2.149160293,1.863355306,54.97,627,Dry,1,0.521408314,0.042146815,0.715452236,0.023380524,0.751881132,0.053189719,8,-0.66385603,-0.653320984,0.462207637,-0.410535857,-0.353681158,0.469861338,0.005673429
IDref,937,IDENT,56,FaAl|ZiSc,2,0,0,0,0,0,696,Dry,1,0,0,0,0,0,0,8,-1.351548082,-1.046177711,-2.09782199,-1.643434665,-1.667758498,-2.140572377,0
IDref,938,IDENT,57,JuPr|OlEu,2,2,2.053752299,1.49525233,1.335784855,89.3,546,Dry,1,0.403908685,0.034906653,0.673173727,0.021955228,0.592513831,0.045749828,8,-0.858561787,-0.772852386,0.232956651,-0.688370231,-0.632210501,0.315601919,0.003919589
IDref,939,IDENT,57,JuPr|OlEu,2,0,0,0,0,0,563,Dry,1,0,0,0,0,0,0,8,-1.351548082,-1.046177711,-2.09782199,-1.643434665,-1.667758498,-2.140572377,0
IDref,940,IDENT,57,JuPr|OlEu,2,1.5,1.127118677,2.644020609,1.935853622,9.085,653,Dry,1,0.537222985,0.044270911,0.434954785,0.017231398,0.848659733,0.055224237,8,-0.637099718,-0.562862769,-0.818668638,-0.373141194,-0.184539306,-0.553575262,0.004035514
IDref,941,IDENT,57,JuPr|OlEu,2,0,0,0,0,0,666,Dry,1,0,0,0,0,0,0,8,-1.351548082,-1.046177711,-2.09782199,-1.643434665,-1.667758498,-2.140572377,0
IDref,942,IDENT,57,JuPr|OlEu,2,2,2.27393099,5.920256831,4.310081871,100,685,Dry,1,0.89339474,0.051264223,0.720929998,0.023858233,1.247920682,0.053183119,8,0.239135689,0.036018313,0.482834784,0.46904663,0.513256854,0.489847767,0.011027985
IDref,943,IDENT,58,AcAb|ZiSc,2,3,2.411478529,6.894263352,5.471049061,3.25,552,Dry,1,1.014904466,0.055387437,0.747618047,0.024521925,1.315104928,0.050693075,8,0.667603574,0.214062275,0.638935822,0.756363098,0.630676072,0.587223074,0.012240939
IDref,944,IDENT,58,AcAb|ZiSc,2,3,2.516894935,9.220256286,7.771106126,1.73,603,Dry,1,1.189910491,0.052900748,0.76819133,0.023401105,1.439118035,0.043362537,8,1.516465279,0.639243205,0.758571626,1.170174527,0.847416201,0.662287752,0.014136917
IDref,945,IDENT,58,AcAb|ZiSc,2,3,2.280157906,5.379650568,4.002397007,20.56,654,Dry,1,0.860214241,0.053944295,0.720794226,0.022875153,1.202644975,0.051837543,8,0.125581159,-0.062802054,0.489901636,0.390589504,0.434127616,0.489352382,0.010509979
IDref,946,IDENT,58,AcAb|ZiSc,2,3,2.454627298,5.358490342,4.515042571,14.36,658,Dry,1,0.921453522,0.052245219,0.755545531,0.024399628,1.200362211,0.055415409,8,0.31477872,-0.066670047,0.687904838,0.535393172,0.430137985,0.616147677,0.010989582
IDref,947,IDENT,58,AcAb|ZiSc,2,3,2.334642967,4.49717318,3.577673547,10.03,705,Dry,1,0.805978027,0.056034631,0.731961662,0.023916144,1.115080702,0.055064454,8,-0.031167769,-0.224114907,0.551736072,0.262344974,0.281089826,0.530098429,0.009676192
IDref,948,IDENT,59,CoAf|OlEu,2,2,2.189115236,15.95685385,8.760040804,98.93,545,Dry,1,1.246204187,0.051864372,0.702160296,0.023397493,1.63312191,0.03307607,8,1.881442648,1.870662602,0.386578411,1.303284088,1.186480563,0.421363721,0.015224497
IDref,949,IDENT,59,CoAf|OlEu,2,0,0,0,0,0,611,Dry,1,0,0,0,0,0,0,8,-1.351548082,-1.046177711,-2.09782199,-1.643434665,-1.667758498,-2.140572377,0
IDref,950,IDENT,59,CoAf|OlEu,2,2,2.133774776,8.918823802,5.250867892,99.43,690,Dry,1,0.993514669,0.054388782,0.690746979,0.023449814,1.427983872,0.04474561,8,0.586343259,0.584142718,0.323773192,0.705785741,0.827956808,0.37972054,0.012584331
IDref,951,IDENT,59,CoAf|OlEu,2,2,2.210905679,6.671990726,4.507815252,99.68,700,Dry,1,0.919787109,0.056377215,0.705960917,0.023425426,1.300894036,0.050770962,8,0.312111397,0.17343185,0.411308121,0.531452847,0.605839419,0.43523085,0.011397165
IDref,952,IDENT,60,DoAn|DoAb,2,3,2.0943539,6.985563661,4.207961844,87.88,538,Dry,1,0.88741505,0.05506849,0.681212403,0.023123777,1.323992617,0.052034049,8,0.201447154,0.230751556,0.279034917,0.45490732,0.64620926,0.344932222,0.011251508
IDref,953,IDENT,60,DoAn|DoAb,2,3,2.362998474,8.673106385,6.408639107,58.22,618,Dry,1,1.09297806,0.054171837,0.736537868,0.0233062,1.414380345,0.044335243,8,1.013631635,0.539226691,0.583916394,0.940972433,0.804181658,0.546795398,0.013253038
IDref,954,IDENT,60,DoAn|DoAb,2,3,2.240476097,9.514203478,6.155193091,72.13,626,Dry,1,1.073001921,0.053633153,0.713012149,0.023899893,1.453139597,0.045315025,8,0.920094557,0.692975415,0.444867231,0.893737747,0.87192196,0.460958317,0.013287486
IDref,955,IDENT,61,ZiSc,1,2,2.243718945,0.337025735,0.41522942,100,543,Dry,0,0.146138465,0.015036932,0.712619342,0.023605147,0.173631136,0.01803313,8,-1.198303035,-0.98457094,0.4485475,-1.297882178,-1.364299969,0.459525103,0.000844698
IDref,956,IDENT,61,ZiSc,4,2,2.41513226,3.002001124,2.636082219,100,596,Dry,2,0.666742047,0.048273912,0.748052557,0.023810934,0.913668781,0.055493517,8,-0.378672547,-0.497425559,0.643082397,-0.066886204,-0.070921723,0.588808448,0.007637567
IDref,957,IDENT,61,ZiSc,1,0,0,0,0,0,655,Dry,0,0,0,0,0,0,0,8,-1.351548082,-1.046177711,-2.09782199,-1.643434665,-1.667758498,-2.140572377,0
IDref,958,IDENT,61,ZiSc,1,3,2.379027112,0.561013977,0.605951118,99.96,691,Dry,0,0.207376783,0.021037902,0.74044039,0.023800302,0.27201416,0.026881027,8,-1.127915065,-0.943626908,0.602107102,-1.153080788,-1.192354037,0.561034329,0.00157093
IDref,959,IDENT,62,OlEu,1,2,1.89591163,6.341661435,3.259636163,93.24,623,Dry,0,0.762381243,0.051506007,0.639627123,0.023192511,1.275626608,0.052318533,8,-0.148543012,0.113049158,0.053825185,0.159257967,0.561679041,0.193202155,0.010066922
IDref,960,IDENT,62,OlEu,1,0,0,0,0,0,665,Dry,0,0,0,0,0,0,0,8,-1.351548082,-1.046177711,-2.09782199,-1.643434665,-1.667758498,-2.140572377,0
IDref,961,IDENT,63,JuPr,1,2,2.32849201,5.413633318,4.168310471,100,587,Dry,0,0.88482432,0.05462985,0.730842554,0.023839228,1.203619726,0.052932116,8,0.186813373,-0.056590162,0.544755426,0.448781396,0.435831207,0.526015199,0.010667696
IDref,962,IDENT,63,JuPr,1,3,1.828448271,2.841073364,1.877854744,99.98,673,Dry,0,0.524349819,0.042641427,0.623086441,0.02123189,0.888711549,0.055463659,8,-0.658504851,-0.526842421,-0.022738165,-0.403580507,-0.114539965,0.132851022,0.006137249
IDref,963,IDENT,63,JuPr,1,3,2.552354733,1.476876132,1.441047065,100,697,Dry,0,0.429609401,0.037566904,0.774004859,0.023545629,0.585514563,0.046192863,8,-0.819713595,-0.776211471,0.798814522,-0.627599466,-0.644443259,0.683499277,0.004437769
IDref,964,IDENT,64,FaAl,1,2,1.966937464,0.043999794,0.120871677,80.26,555,Dry,0,0.044999773,0.005075715,0.653972761,0.02226047,0.02445721,0.002754675,8,-1.306939042,-1.038134749,0.134431545,-1.537030213,-1.625014154,0.245544346,6.10333170746147e-05
IDref,965,IDENT,64,FaAl,1,2,1.681732809,0.077184052,0.264064099,100,580,Dry,0,0.095426776,0.010038204,0.587954724,0.021080938,0.042561283,0.004959221,8,-1.254092282,-1.032068818,-0.189243768,-1.417792773,-1.593373312,0.004667735,0.000112555
IDref,966,IDENT,64,FaAl,1,3,2.387229057,3.275652474,2.807875153,96.47,630,Dry,0,0.693237169,0.050308927,0.741907895,0.022661345,0.956636303,0.055544738,8,-0.31527045,-0.447403337,0.61141539,-0.004237022,0.004173455,0.566388738,0.008039961
IDref,967,IDENT,64,FaAl,1,2,1.800805935,15.71012352,5.053984165,83.85,694,Dry,0,0.974384704,0.056260215,0.616520054,0.021939282,1.628580984,0.034132849,8,0.513681124,1.82556142,-0.054109118,0.66055188,1.178544299,0.108892584,0.013319434
IDref,968,IDENT,65,DoAb,1,0,0,0,0,0,590,Dry,0,0,0,0,0,0,0,8,-1.351548082,-1.046177711,-2.09782199,-1.643434665,-1.667758498,-2.140572377,0
IDref,969,IDENT,65,DoAb,1,3,2.089036098,8.732773659,4.935707659,99.95,600,Dry,0,0.96352673,0.053641309,0.680727823,0.023506916,1.419277708,0.045038442,8,0.470029861,0.550133598,0.272999808,0.634877599,0.812740875,0.343164161,0.012303836
IDref,970,IDENT,65,DoAb,1,2,2.3787245,11.83164481,8.508690457,100,648,Dry,0,1.233998441,0.05041782,0.740898306,0.024362607,1.537150933,0.040127116,8,1.788679,1.116593151,0.601763671,1.274422926,1.018750211,0.562705104,0.014851063
IDref,971,IDENT,65,DoAb,1,0,0,0,0,0,687,Dry,0,0,0,0,0,0,0,8,-1.351548082,-1.046177711,-2.09782199,-1.643434665,-1.667758498,-2.140572377,0
IDref,972,IDENT,66,DoAn,1,3,2.383462843,6.471346274,5.062825599,17.92,544,Dry,0,0.97781003,0.055235045,0.741978766,0.024424992,1.286646188,0.05109498,8,0.516944154,0.136754956,0.607141159,0.668651251,0.580938176,0.56664732,0.011808792
IDref,973,IDENT,66,DoAn,1,4,2.461683894,10.93356975,8.625100919,18.27,608,Dry,0,1.235839927,0.053296599,0.755813695,0.023149257,1.506711013,0.041541846,8,1.831641579,0.952429114,0.695913284,1.278777221,0.965549768,0.617126116,0.014762138
IDref,974,IDENT,66,DoAn,1,3,2.360510223,8.638872134,6.372387248,37.63,631,Dry,0,1.08696958,0.054471069,0.736897244,0.023077719,1.414986794,0.046726089,8,1.000252482,0.532968826,0.581092508,0.926765049,0.80524156,0.548106634,0.013266877
IDref,975,IDENT,66,DoAn,1,2,2.154850926,12.96017103,7.147846725,15.13,709,Dry,0,1.148366434,0.053575443,0.695561847,0.022987806,1.566505429,0.036753676,8,1.286444448,1.322882611,0.34769226,1.071941308,1.070053638,0.397288301,0.01428855
IDref,976,IDENT,67,CoAf,1,3,2.490306325,0.620322385,0.646819311,94.65,553,Dry,0,0.217759777,0.021745386,0.761736057,0.023702863,0.296188995,0.028420429,8,-1.112832203,-0.932785601,0.728396534,-1.128529623,-1.150103206,0.638734731,0.001804772
IDref,977,IDENT,67,CoAf,1,2,2.465533392,1.795065956,1.695447078,99.99,566,Dry,0,0.484702936,0.041618637,0.755446588,0.023274601,0.670630698,0.048949009,8,-0.725824434,-0.718047818,0.700282032,-0.497327754,-0.495684127,0.61578667,0.005164921
IDref,978,IDENT,67,CoAf,1,3,2.487455384,1.799451609,1.708044172,95.18,606,Dry,0,0.489594182,0.042196065,0.762403537,0.025354853,0.674945012,0.04987441,8,-0.721175336,-0.717246141,0.725161036,-0.485762132,-0.488143917,0.64117013,0.005256011
IDref,979,IDENT,67,CoAf,1,2,2.387792983,0.955078959,0.960786287,99.99,647,Dry,0,0.307821422,0.028732919,0.741806278,0.024885125,0.421795138,0.039242753,8,-0.99695919,-0.871593621,0.612055383,-0.915573881,-0.930578896,0.566017972,0.002779744
IDref,980,IDENT,67,CoAf,1,3,2.497873282,4.965530215,4.336252412,89.52,710,Dry,0,0.900810034,0.056794553,0.761762527,0.02355475,1.163395622,0.055334297,8,0.248794219,-0.138501371,0.736984182,0.486580501,0.365530754,0.638831312,0.01063956
IDref,981,IDENT,68,AfFa,1,2,2.635491814,2.432587561,2.366613353,100,548,Dry,0,0.618744953,0.045848328,0.788679723,0.02453279,0.81168361,0.055999719,8,-0.478123037,-0.601511768,0.89316579,-0.18037799,-0.249163198,0.737042698,0.006906644
IDref,982,IDENT,68,AfFa,1,0,0,0,0,0,591,Dry,0,0,0,0,0,0,0,8,-1.351548082,-1.046177711,-2.09782199,-1.643434665,-1.667758498,-2.140572377,0
IDref,983,IDENT,68,AfFa,1,0,0,0,0,0,605,Dry,0,0,0,0,0,0,0,8,-1.351548082,-1.046177711,-2.09782199,-1.643434665,-1.667758498,-2.140572377,0
IDref,984,IDENT,68,AfFa,1,2,2.279917682,0.545644696,0.606983842,100,651,Dry,0,0.20651376,0.020166236,0.721415675,0.024023085,0.265612054,0.025220928,8,-1.127533927,-0.946436342,0.489629008,-1.155121454,-1.203543123,0.491619832,0.001484017
IDref,985,IDENT,68,AfFa,1,2,2.010286861,7.067724388,3.917714458,100,662,Dry,0,0.853380811,0.055356116,0.663674483,0.02271333,1.328565619,0.049944279,8,0.09432812,0.245770163,0.183628251,0.374431481,0.654201584,0.280942517,0.011010959
IDref,986,IDENT,68,AfFa,1,0,0,0,0,0,682,Dry,0,0,0,0,0,0,0,8,-1.351548082,-1.046177711,-2.09782199,-1.643434665,-1.667758498,-2.140572377,0
IDref,987,IDENT,69,AcAb,1,2,2.330927415,6.919036724,5.139279592,9.7,551,Dry,0,0.983642279,0.053754204,0.731820069,0.024277935,1.317573437,0.048746661,8,0.545160353,0.218590735,0.547519337,0.682441929,0.634990333,0.529581807,0.012011448
IDref,988,IDENT,69,AcAb,1,2,2.11120448,9.666531383,5.448187001,17.71,571,Dry,0,1.014263784,0.0560548,0.686947942,0.023785446,1.457855817,0.044767909,8,0.659166076,0.720820263,0.298158436,0.754848171,0.880164588,0.365859191,0.012855666
IDref,989,IDENT,69,AcAb,1,2,2.298312169,6.57865715,4.795494313,4.05,595,Dry,0,0.952121424,0.054002782,0.72482674,0.023878421,1.296043612,0.04971625,8,0.418282562,0.156370897,0.510504689,0.607909122,0.597362238,0.504065608,0.011645191
IDref,990,IDENT,69,AcAb,1,2,1.812213563,7.665160696,3.356535825,18.52,644,Dry,0,0.776732165,0.052301219,0.619280113,0.021647383,1.362925771,0.048351302,8,-0.112781111,0.354978803,-0.041162739,0.193191516,0.714253493,0.118963066,0.010620312
IDref,991,IDENT,69,AcAb,1,3,1.897265598,4.865412402,2.754487692,1.69,672,Dry,0,0.685599207,0.050003458,0.637808512,0.022062914,1.150135355,0.05421029,8,-0.334973687,-0.156802452,0.055361787,-0.022297407,0.342355527,0.186566682,0.008776846
IDref,992,IDENT,69,AcAb,1,2,2.269010372,6.216540023,4.468782492,16.15,686,Dry,0,0.913965613,0.053500587,0.718369107,0.023091058,1.268318331,0.050762191,8,0.297705922,0.090177533,0.477250434,0.517687597,0.548906222,0.480503976,0.011222294
MDref,993,MataDiv,103,CePa,1,6,2.966443124,1.733020172,1.818303479,80.41804737,429,Seasonal,0,0.44555501,0.019564768,0.466615639,0.037117888,0.860542992,0.013389238,8,-0.237874252,-0.391698573,0.311139584,-0.148134426,-0.183328618,0.395823619,0.004408037
MDref,994,MataDiv,103,CePa,1,4,2.79601895,1.516919036,1.534846422,88.3129185,430,Seasonal,0,0.38961036,0.017789717,0.443178212,0.033987705,0.79603173,0.012532607,8,-0.60074186,-0.626297099,0.110049491,-0.533531391,-0.44212069,0.168409157,0.003784241
MDref,995,MataDiv,103,CePa,1,4,3.088019868,2.197810372,2.429988699,54.68603336,431,Seasonal,0,0.553790079,0.023830639,0.481308394,0.038069795,0.978322071,0.013214755,8,0.545174706,0.112875804,0.454592699,0.597485874,0.289151554,0.538388109,0.005369717
MDref,996,MataDiv,104,GuUl,1,2,1.677702543,2.178841772,1.496258183,100,442,Seasonal,0,0.381928228,0.017901477,0.293026609,0.025632886,0.974487418,0.013436184,8,-0.650140602,0.092283568,-1.209495409,-0.586452812,0.273768538,-1.288518887,0.003252544
MDref,997,MataDiv,104,GuUl,1,3,2.152488699,0.650174801,0.718893043,99.9921405,443,Seasonal,0,0.203560075,0.010835768,0.360811269,0.029544375,0.44168924,0.009435723,8,-1.645284743,-1.567231164,-0.64927681,-1.815212734,-1.863593854,-0.630801156,0.001435323
MDref,998,MataDiv,104,GuUl,1,2,1.722441996,2.358160934,1.594352028,100,444,Seasonal,0,0.402710763,0.018175324,0.299002045,0.024696478,1.013081692,0.012964273,8,-0.524565747,0.286951731,-1.156705594,-0.443284054,0.428592546,-1.230538957,0.003490314
MDref,999,MataDiv,105,HyCo,1,3,2.119475318,4.422518186,3.054968443,98.79749599,445,Seasonal,0,0.648708166,0.024579199,0.3571321,0.030581891,1.316592795,0.011868231,8,1.345242651,2.528009684,-0.688230579,1.251366846,1.646151545,-0.6665003,0.005855994
MDref,1000,MataDiv,105,HyCo,1,2,1.657534247,0.358218689,0.59524703,100,446,Seasonal,0,0.171977399,0.009248871,0.289400728,0.025883903,0.270102434,0.006361413,8,-1.803570211,-1.884177548,-1.233292764,-2.032782555,-2.551928015,-1.323700982,0.000608407
MDref,1001,MataDiv,105,HyCo,1,2,1.625358816,3.921510361,1.94203599,99.98035124,447,Seasonal,0,0.470408798,0.020525953,0.2846017,0.025113352,1.261545055,0.012490219,8,-0.079478053,1.984117599,-1.271257803,0.02308077,1.425323148,-1.370266176,0.004415256
MDref,1002,MataDiv,106,CaEs,1,2,1.680344875,3.935582959,2.036147081,99.99607025,448,Seasonal,0,0.486389578,0.021265497,0.294666974,0.027504585,1.263435351,0.012311518,8,0.040998279,1.999394755,-1.206377619,0.133170727,1.432906219,-1.272602349,0.004580291
MDref,1003,MataDiv,106,CaEs,1,2,1.663540114,1.43928784,1.203618688,100,449,Seasonal,0,0.319241025,0.015648721,0.290589894,0.025727916,0.77044344,0.012703926,8,-1.024763111,-0.710573214,-1.226206209,-1.018298523,-0.544770156,-1.312162448,0.002378375
MDref,1004,MataDiv,107,HaIm,1,4,2.556344955,2.614506704,2.464637482,84.53642713,450,Seasonal,0,0.560013392,0.022848534,0.414512482,0.034888423,1.064966833,0.013442841,8,0.589530352,0.565239671,-0.172751151,0.640357633,0.63673393,-0.109735766,0.005162464
MDref,1005,MataDiv,107,HaIm,1,3,1.408235838,1.171762428,1.055762866,97.83077707,451,Seasonal,0,0.285395285,0.013898197,0.25209177,0.023021091,0.676079832,0.012129317,8,-1.214040771,-1.000997728,-1.527449625,-1.251458359,-0.923317297,-1.685711551,0.001741711
MDref,1006,MataDiv,107,HaIm,1,3,1.696844004,0.040330643,0.183105597,98.75819847,452,Seasonal,0,0.056079865,0.003087831,0.296773638,0.02541236,0.034556211,0.000887266,8,-2.33117315,-2.229275536,-1.186909657,-2.831188788,-3.496840479,-1.25216129,4.3361323214465e-05
MDref,1007,MataDiv,107,HaIm,1,4,2.201889014,1.941859042,1.688475402,80.74814651,453,Seasonal,0,0.420128333,0.01879191,0.369463121,0.030494413,0.917456949,0.012743127,8,-0.404073691,-0.164983933,-0.590987463,-0.323296199,0.044986263,-0.546851829,0.003792488
MDref,1008,MataDiv,108,SyRo,1,3,2.305146032,2.865557393,2.408992562,62.68307803,454,Seasonal,0,0.550400518,0.023124138,0.38168605,0.032786524,1.110083498,0.013015044,8,0.518296497,0.837779292,-0.469150502,0.57413553,0.817723028,-0.428252172,0.005016408
MDref,1009,MataDiv,108,SyRo,1,3,1.557926371,2.320817437,1.452476142,95.50043432,455,Seasonal,0,0.373455178,0.017729001,0.275122953,0.024799564,1.005195521,0.01330205,8,-0.706188191,0.246411781,-1.35082396,-0.644822784,0.396956543,-1.4622389,0.003179187
MDref,1010,MataDiv,108,SyRo,1,3,2.266785092,2.684048331,2.243396084,100,456,Seasonal,0,0.522942913,0.022473387,0.374866923,0.030430918,1.078332828,0.013126049,8,0.306308132,0.640733782,-0.514414063,0.384982903,0.690352684,-0.494418484,0.004744831
MDref,1011,MataDiv,108,SyRo,1,3,2.340495802,1.512134561,1.421402343,100,457,Seasonal,0,0.366620933,0.017767857,0.386506257,0.032220846,0.793508948,0.013572108,8,-0.745967321,-0.631491106,-0.427439938,-0.691903199,-0.452241033,-0.381481476,0.00328677
MDref,1012,MataDiv,109,CaEs|CePa|HaIm,3,7,5.137404798,1.791574666,2.596755751,73.08513073,458,Seasonal,1.584962501,0.580153284,0.024038663,0.68918159,0.04741719,0.87697448,0.013390507,8,0.758661581,-0.328132049,2.87274146,0.779099289,-0.117412392,2.555391485,0.006672241
MDref,1013,MataDiv,109,CaEs|CePa|HaIm,3,7,2.952980169,1.28722586,1.314424974,87.33048058,459,Seasonal,1.584962501,0.342565861,0.016015862,0.463769533,0.03631005,0.718601584,0.012562601,8,-0.882914421,-0.87565109,0.295254121,-0.857616125,-0.7527379,0.368207713,0.003467938
MDref,1014,MataDiv,109,CaEs|CePa|HaIm,3,7,2.792949706,1.363110664,1.374601069,80.69705974,460,Seasonal,1.584962501,0.356172047,0.017251263,0.443382309,0.034467325,0.746051433,0.012144765,8,-0.805879981,-0.793270851,0.106427971,-0.763884498,-0.642620638,0.170389528,0.003480645
MDref,1015,MataDiv,109,CaEs|CePa|HaIm,3,5,3.127834576,1.929749848,2.116257427,89.60187705,461,Seasonal,1.584962501,0.500347302,0.021325283,0.484277125,0.03768789,0.914041629,0.013428702,8,0.143551555,-0.178129625,0.501571617,0.22932406,0.031285435,0.567193844,0.004947054
MDref,1016,MataDiv,109,CaEs|CePa|HaIm,3,4,3.402500211,2.014930785,2.358140798,69.39509391,462,Seasonal,1.584962501,0.54207785,0.021893583,0.517025138,0.038576036,0.934197122,0.013288257,8,0.453198601,-0.085657542,0.825660252,0.516801528,0.112140802,0.884949349,0.005433105
MDref,1017,MataDiv,110,CaEs|CePa|GuUl,3,7,4.417566801,2.690649926,4.351020633,64.54971008,463,Seasonal,1.584962501,0.813814936,0.028255223,0.618845453,0.0433553,1.079793001,0.013745114,8,3.004384123,0.647900448,2.02337669,2.388770467,0.696210282,1.872916643,0.007846716
MDref,1018,MataDiv,110,CaEs|CePa|GuUl,3,7,4.173317451,1.820785763,2.354153357,72.11841182,464,Seasonal,1.584962501,0.54168586,0.022541622,0.596993057,0.042269144,0.884828344,0.013694278,8,0.448094077,-0.296420599,1.735177409,0.514101147,-0.08590599,1.660881821,0.005846939
MDref,1019,MataDiv,110,CaEs|CePa|GuUl,3,7,3.462950544,1.743836302,1.995167287,82.08426209,465,Seasonal,1.584962501,0.478156825,0.019771993,0.521879169,0.039519977,0.863522727,0.013356434,8,-0.011462012,-0.379956625,0.896987945,0.076456134,-0.171375171,0.932048242,0.00495225
MDref,1020,MataDiv,110,CaEs|CePa|GuUl,3,4,2.440813961,0.758626119,0.781528841,87.03181945,466,Seasonal,1.584962501,0.219495683,0.011117761,0.400969065,0.034624825,0.497082968,0.00989689,8,-1.565101513,-1.449496848,-0.309070651,-1.705433967,-1.641377497,-0.241148176,0.001859174
MDref,1021,MataDiv,110,CaEs|CePa|GuUl,3,5,3.190295238,1.818158894,2.00079405,73.39558112,467,Seasonal,1.584962501,0.479166987,0.021698621,0.490525613,0.038816942,0.883834516,0.013279424,8,-0.004258911,-0.299272317,0.575271375,0.083415035,-0.08989281,0.627823217,0.004797202
MDref,1022,MataDiv,111,GuUl|SyRo|HaIm,3,4,2.707790297,2.37384463,2.365921791,100,468,Seasonal,1.584962501,0.542696429,0.022009415,0.43229049,0.035226342,1.016596824,0.013268277,8,0.463159441,0.303977889,0.005945082,0.52106285,0.442693777,0.062765087,0.005068935
MDref,1023,MataDiv,111,GuUl|SyRo|HaIm,3,3,2.468158722,2.447533775,2.244944724,100,469,Seasonal,1.584962501,0.522014017,0.021735356,0.402932501,0.033189485,1.032099075,0.01363035,8,0.308290624,0.383974529,-0.276805507,0.378583836,0.504882296,-0.222096866,0.00481833
MDref,1024,MataDiv,111,GuUl|SyRo|HaIm,3,3,2.41034542,2.548928529,2.277725078,98.89573978,470,Seasonal,1.584962501,0.529329918,0.023426257,0.394872594,0.032533158,1.053016245,0.013376982,8,0.350254401,0.494048267,-0.345021664,0.42898233,0.58879319,-0.300302512,0.004846418
MDref,1025,MataDiv,111,GuUl|SyRo|HaIm,3,4,2.520040175,1.839971648,1.756945406,99.9921405,471,Seasonal,1.584962501,0.433760086,0.019319617,0.410743538,0.033858518,0.889923731,0.012812842,8,-0.316421801,-0.275592479,-0.215588569,-0.229388451,-0.065465439,-0.146306001,0.004052881
MDref,1026,MataDiv,112,CePa|HyCo|SyRo,3,3,2.386520215,2.193474802,1.980293543,100,432,Seasonal,1.584962501,0.47527271,0.020840356,0.391148324,0.031657235,0.977468764,0.013316259,8,-0.030502639,0.108169127,-0.373133948,0.056587761,0.285728446,-0.336439288,0.004358911
MDref,1027,MataDiv,112,CePa|HyCo|SyRo,3,3,2.283439679,3.15471241,2.582156568,100,433,Seasonal,1.584962501,0.579247224,0.023647591,0.378066061,0.03111918,1.158490431,0.013049146,8,0.739972434,1.151684819,-0.49476267,0.772857532,1.011911303,-0.463377093,0.005251607
MDref,1028,MataDiv,112,CePa|HyCo|SyRo,3,2,2.281328832,4.252685104,3.299856728,97.37099613,434,Seasonal,1.584962501,0.684295967,0.025735784,0.377756961,0.030792483,1.299069679,0.012287257,8,1.658736438,2.343639572,-0.49725334,1.496527559,1.575856168,-0.466376305,0.00608749
MDref,1029,MataDiv,113,CaEs|CePa|GuUl|HyCo|SyRo|HaIm,6,5,3.586652101,2.201880892,2.740456126,74.87316775,435,Seasonal,2.584962501,0.60374037,0.023715987,0.533790557,0.040270497,0.978867049,0.013630841,8,0.942619645,0.117294745,1.04294821,0.941588308,0.291337778,1.047624994,0.005959537
MDref,1030,MataDiv,113,CaEs|CePa|GuUl|HyCo|SyRo|HaIm,6,6,3.877784559,2.016219012,2.586598309,29.83035398,436,Seasonal,2.584962501,0.578703238,0.0229811,0.567338954,0.041744263,0.935046801,0.013097262,8,0.74565853,-0.084259048,1.386466688,0.769110068,0.115549356,1.373146672,0.005968855
MDref,1031,MataDiv,113,CaEs|CePa|GuUl|HyCo|SyRo|HaIm,6,5,3.607553501,2.542616085,3.311214752,95.14282692,437,Seasonal,2.584962501,0.686466266,0.026707679,0.537983342,0.039632755,1.051441138,0.013473603,8,1.673276415,0.487195503,1.067610582,1.511478525,0.582474525,1.08830779,0.006590065
MDref,1032,MataDiv,113,CaEs|CePa|GuUl|HyCo|SyRo|HaIm,6,4,3.553789332,1.619188359,1.842434653,99.98428099,438,Seasonal,2.584962501,0.450582083,0.020585924,0.530472512,0.038447475,0.827847064,0.013351005,8,-0.206982725,-0.515273932,1.004172154,-0.113503435,-0.31449094,1.015429849,0.00476578
MDref,1033,MataDiv,114,CaEs|CePa|GuUl|HyCo|SyRo|HaIm,20,6,3.445472731,2.238254737,2.709314693,77.39999808,439,Seasonal,4.321928095,0.597154473,0.024107111,0.519954449,0.038568773,0.988051385,0.013016709,8,0.902753933,0.156782045,0.876365195,0.89621874,0.328181475,0.91337259,0.005875791
MDref,1034,MataDiv,114,CaEs|CePa|GuUl|HyCo|SyRo|HaIm,20,5,3.323084267,1.63150676,1.800099738,97.85828533,440,Seasonal,4.321928095,0.44154571,0.019169825,0.504944399,0.036913149,0.83094193,0.012831359,8,-0.261177775,-0.501901125,0.7319543,-0.175754083,-0.302075639,0.767729369,0.004558439
MDref,1035,MataDiv,114,CaEs|CePa|GuUl|HyCo|SyRo|HaIm,20,6,3.184719776,1.892355684,2.093486281,97.81898782,441,Seasonal,4.321928095,0.496148789,0.021222827,0.489841979,0.038593657,0.904199695,0.013226529,8,0.114401068,-0.21872458,0.568692671,0.200400929,-0.008196272,0.621189886,0.004934144
SBref,1036,Sabah,70,DiCo|DrLa|PaTo|ShJo,4,47,11.78827996,2.383584448,8.434754848,-0.455,1,Humid,2,1.03987848,0.019855986,0.946814743,0.047660957,1.012316108,0.017332134,12,0.484952128,0.293659767,-0.336571871,0.530990613,0.340282219,-0.205789312,0.01104154
SBref,1037,Sabah,70,DiCo|DrLa|PaTo|ShJo,4,47,18.52876062,2.06727177,7.742385853,8.94,3,Humid,2,0.996767034,0.020920808,1.169393093,0.048339229,0.941079193,0.017679252,12,-0.307567949,-1.407183076,2.051093262,-0.260399322,-1.511697288,1.713929821,0.012405966
SBref,1038,Sabah,71,PaMa|PaTo|ShMr|ShOv,4,35.5,10.8166666,2.40709607,7.321545054,-0.17,5,Humid,2,0.970174203,0.020771606,0.904080764,0.048690072,1.016719977,0.017633852,12,-0.789283313,0.420083957,-0.680744261,-0.748559669,0.454771663,-0.574366207,0.010602701
SBref,1039,Sabah,71,PaMa|PaTo|ShMr|ShOv,4,52,16.6074616,2.182235657,8.692979572,1.775,6,Humid,2,1.053576012,0.02033708,1.116302281,0.046809977,0.967713601,0.017568899,12,0.780529023,-0.789011507,1.37051588,0.782434015,-0.819270084,1.256026138,0.012279186
SBref,1040,Sabah,72,HoSa|HoFe|ShMl|ShPa,4,38,12.16040813,2.302562249,7.983954837,-0.31,7,Humid,2,1.012319287,0.021087199,0.962478961,0.049213197,0.99565811,0.01761077,12,-0.031056044,-0.142004172,-0.204753755,0.025090907,-0.092783578,-0.070686772,0.010985288
SBref,1041,Sabah,72,HoSa|HoFe|ShMl|ShPa,4,48,6.055496485,2.654107262,5.800466304,-0.71,8,Humid,2,0.85325101,0.019579863,0.629822701,0.041731228,1.065010441,0.017944629,12,-2.530385899,1.748286231,-2.367282722,-2.894900034,1.710201494,-2.939818419,0.007844419
SBref,1042,Sabah,73,HoSa|HoFe|ShAr|ShPa,4,55,9.802550327,2.472839856,7.911345582,-0.13,9,Humid,2,1.007604659,0.021321373,0.853478408,0.047914588,1.031252386,0.017856227,12,-0.114168218,0.773594441,-1.039972362,-0.061454764,0.832577503,-1.010807173,0.010195173
SBref,1043,Sabah,73,HoSa|HoFe|ShAr|ShPa,4,51.5,14.36170531,2.154720869,7.555372275,0.28,10,Humid,2,0.985041384,0.020965237,1.045598619,0.048664443,0.962004147,0.017743325,12,-0.521633016,-0.936961095,0.575006738,-0.4756452,-0.96770144,0.646213129,0.011413536
SBref,1044,Sabah,74,HoSa|HoFe|ShJo|ShBe,4,34.5,12.17480925,2.300120622,7.738038451,-0.335,11,Humid,2,0.99588539,0.021652157,0.95981456,0.052070034,0.99430263,0.017084467,12,-0.312544202,-0.155133029,-0.19965248,-0.276583513,-0.128022625,-0.093667004,0.010935542
SBref,1045,Sabah,74,HoSa|HoFe|ShJo|ShBe,4,51,13.40926444,2.320017174,8.885894045,-0.2,12,Humid,2,1.065810761,0.020466214,1.007672603,0.047782868,0.99921628,0.017522245,12,1.001348549,-0.048147408,0.237625775,1.007025349,-0.000280167,0.319104503,0.011554435
SBref,1046,Sabah,75,HoSa|HoFe|ShGi|ShMr,4,48,11.15637968,2.340971103,7.713519464,-0.27,13,Humid,2,0.994649192,0.020558751,0.915842296,0.049048621,1.002893,0.018014853,12,-0.340609857,0.064523827,-0.56040847,-0.299276213,0.095305237,-0.472924004,0.010551603
SBref,1047,Sabah,75,HoSa|HoFe|ShGi|ShMr,4,49.5,12.89561118,2.288482003,8.162796051,1.07,14,Humid,2,1.022856017,0.020212179,0.988594786,0.050351233,0.992175889,0.017938381,12,0.173654527,-0.217714971,0.055675549,0.218511968,-0.183312506,0.154559967,0.011232215
SBref,1048,Sabah,76,HoSa|HoFe|ShJo|ShAr,4,41.5,13.42423886,1.974128077,5.825188654,31.915,15,Humid,2,0.855684769,0.020326933,1.004705175,0.050197686,0.918811336,0.017671881,12,-2.502087464,-1.908025422,0.242930129,-2.850223898,-2.090605204,0.293510692,0.010332907
SBref,1049,Sabah,76,HoSa|HoFe|ShJo|ShAr,4,43,12.64873891,2.281169887,7.796297867,3.205,16,Humid,2,0.999607709,0.020597117,0.978542312,0.048576826,0.990252986,0.017416866,12,-0.24585757,-0.257032903,-0.031773454,-0.208253507,-0.233303134,0.067858244,0.011090067
SBref,1050,Sabah,77,HoSa|HoFe|ShJo|ShAr,4,49.5,13.93662526,2.296122701,8.832582506,-0.39,17,Humid,2,1.06282528,0.021264926,1.028946888,0.049110285,0.993180934,0.016752912,12,0.940325503,-0.176630224,0.424431598,0.952221343,-0.157183894,0.502593379,0.011706047
SBref,1051,Sabah,77,HoSa|HoFe|ShJo|ShAr,4,41.5,9.644000963,2.390280568,7.270803426,-0.08,18,Humid,2,0.964945848,0.020810998,0.844771592,0.047831411,1.014391231,0.01788586,12,-0.847364711,0.329665431,-1.096134943,-0.844535749,0.394230146,-1.085902711,0.009877731
SBref,1052,Sabah,78,DiCo|DrLa|PaMa|ShFa,4,40.5,11.72606659,2.360387719,8.164245968,0.9,19,Humid,2,1.024138567,0.020805729,0.941730704,0.04947756,1.007151189,0.017355704,12,0.175314175,0.168928787,-0.358609571,0.24205554,0.206007376,-0.249638706,0.010909645
SBref,1053,Sabah,78,DiCo|DrLa|PaMa|ShFa,4,46.5,8.741976686,2.872194297,9.462004396,1.15,20,Humid,2,1.097517578,0.02068275,0.798990613,0.046124394,1.104786935,0.016192773,12,1.660793184,2.920960609,-1.415656951,1.589062311,2.744289661,-1.48075972,0.010436016
SBref,1054,Sabah,79,PaMa|PaTo|ShBe|ShLe,4,43,11.40929756,2.333426948,7.833861634,-0.385,2,Humid,2,1.002897116,0.020482718,0.930485009,0.048746149,1.001421157,0.017751438,12,-0.202860209,0.0239582,-0.470817944,-0.147870385,0.057041049,-0.346631859,0.010699907
SBref,1055,Sabah,79,PaMa|PaTo|ShBe|ShLe,4,49,7.631634577,2.589374406,6.629653689,-0.74,4,Humid,2,0.919579683,0.020912722,0.73240789,0.045951906,1.053813485,0.017651273,12,-1.581256671,1.400211612,-1.80897091,-1.677315188,1.419108967,-2.055029982,0.008997941
SBref,1056,Sabah,80,DiCo|DrLa|PaTo|ShGi,4,46.5,12.82209073,2.086268158,6.403349775,1.725,21,Humid,2,0.901527065,0.019603882,0.986733895,0.04982062,0.946174433,0.016777282,12,-1.840295415,-1.305037722,0.029632567,-2.008704211,-1.379233942,0.138509946,0.01054171
SBref,1057,Sabah,80,DiCo|DrLa|PaTo|ShGi,4,44,16.42121134,2.118313105,8.159705881,0.485,22,Humid,2,1.022331116,0.02064463,1.110422342,0.048481612,0.95322829,0.016939877,12,0.170117365,-1.132729046,1.304540874,0.208876454,-1.1958515,1.205312168,0.011977942
SBref,1058,Sabah,81,DiCo|DrLa|PaMa|ShJo,4,41,11.32874172,2.401981246,8.323254914,-0.295,23,Humid,2,1.033342884,0.021630026,0.925098552,0.048549938,1.015622849,0.017456362,12,0.357323743,0.39258107,-0.499353056,0.411017721,0.426249105,-0.393089586,0.010834011
SBref,1059,Sabah,81,DiCo|DrLa|PaMa|ShJo,4,42,10.16623032,2.457707253,8.047617637,2.24,24,Humid,2,1.016245945,0.020537011,0.867739424,0.048779224,1.027722802,0.017034934,12,0.041815571,0.69222502,-0.911146825,0.09717194,0.740817265,-0.887807134,0.010319545
SBref,1060,Sabah,82,DiCo|DrLa|HoSa|ShMl,4,39,9.950287013,2.591681385,8.902411707,-0.565,25,Humid,2,1.065219207,0.019590511,0.861556129,0.048335102,1.05433241,0.017348005,12,1.020255488,1.412616454,-0.987639932,0.996166272,1.432599721,-0.941137525,0.010591341
SBref,1061,Sabah,82,DiCo|DrLa|HoSa|ShMl,4,33.5,12.45542026,2.172756262,6.739316995,0.43,26,Humid,2,0.927615279,0.020377264,0.969850318,0.05190625,0.965686796,0.01712972,12,-1.455730582,-0.839983101,-0.10025228,-1.529807036,-0.871961888,-0.007109459,0.010639267
SBref,1062,Sabah,83,DiCo|DrLa|HoFe|ShOv,4,46.5,13.55558462,2.295407718,7.99448017,-0.11,27,Humid,2,1.013213112,0.020986643,1.013578302,0.050679538,0.993562881,0.017384854,12,-0.019008223,-0.180474754,0.289456439,0.041498706,-0.147254237,0.37004065,0.011536953
SBref,1063,Sabah,83,DiCo|DrLa|HoFe|ShOv,4,46,14.91723901,2.248831285,8.471707151,0.53,28,Humid,2,1.041834621,0.02040985,1.061955718,0.048194514,0.982883897,0.017155431,12,0.527249576,-0.430920589,0.771792177,0.56689917,-0.424880793,0.787291699,0.011919398
SBref,1064,Sabah,84,DiCo|DrLa|HoSa|ShOv,4,46,12.15535009,2.193133319,7.071984728,0.255,29,Humid,2,0.951864504,0.020660056,0.959878689,0.048228704,0.97105714,0.017388588,12,-1.074942506,-0.73041376,-0.206545453,-1.084667876,-0.732346539,-0.093113898,0.010605877
SBref,1065,Sabah,84,DiCo|DrLa|HoSa|ShOv,4,60,12.21202831,2.463716765,9.548279912,-0.44,30,Humid,2,1.10132881,0.02020245,0.960712039,0.049274002,1.028932022,0.017261136,12,1.759548442,0.724538728,-0.186468457,1.659024484,0.772253924,-0.085926325,0.011442652
SBref,1066,Sabah,85,DiCo|DrLa|HoFe|ShMl,4,41,10.98700669,2.427479235,8.025351325,7.755,31,Humid,2,1.014363464,0.019241194,0.909033419,0.049179825,1.020897598,0.017905974,12,0.01632844,0.529686141,-0.620405079,0.062615531,0.56337922,-0.531649978,0.010717623
SBref,1067,Sabah,85,DiCo|DrLa|HoFe|ShMl,4,48,11.55901127,2.340374655,7.993088534,0.105,32,Humid,2,1.012013083,0.020983467,0.935212397,0.048594288,1.00214486,0.017411985,12,-0.020601159,0.06131667,-0.417785197,0.019469965,0.075855512,-0.305858547,0.010764348
SBref,1068,Sabah,86,ShAr,1,43.5,13.14948407,2.251123407,7.941935453,-0.02,33,Humid,0,1.008972635,0.021810875,0.999501488,0.049421594,0.983534343,0.017837192,12,-0.079153526,-0.418595635,0.145604365,-0.036343049,-0.40797084,0.248629336,0.01122804
SBref,1069,Sabah,86,ShAr,1,51.5,11.7435291,2.435988434,7.848723081,0.24,34,Humid,0,1.002952828,0.020579364,0.940301799,0.049495496,1.022484617,0.017424551,12,-0.185849055,0.5754409,-0.352423866,-0.146847693,0.604637708,-0.261962895,0.011108635
SBref,1070,Sabah,87,ShBe,1,42,11.34058675,2.367567265,8.037315514,-0.63,35,Humid,0,1.016096863,0.020920118,0.92744475,0.049690142,1.009052929,0.017559494,12,0.030023248,0.207533877,-0.495157218,0.094435257,0.2554478,-0.37285383,0.010770462
SBref,1071,Sabah,87,ShBe,1,45.5,15.78132893,2.292736897,9.788777861,-0.29,36,Humid,0,1.11300463,0.019588414,1.087942688,0.049393819,0.991540162,0.017647107,12,2.034834387,-0.194836008,1.077876784,1.873355655,-0.199839803,1.01142708,0.012350716
SBref,1072,Sabah,88,DiCo,1,47,12.33475499,2.371382443,8.73382402,0.595,37,Humid,0,1.056343644,0.020565557,0.967046645,0.051378192,1.009404597,0.016998143,12,0.827281615,0.228048446,-0.142995264,0.833238996,0.264590285,-0.031290891,0.011235437
SBref,1073,Sabah,88,DiCo,1,45.5,9.524878891,2.591420105,8.532512958,0.21,38,Humid,0,1.045993241,0.020791909,0.839275584,0.047959246,1.054439601,0.017652276,12,0.596850935,1.411211527,-1.138331283,0.643238305,1.435386417,-1.133305307,0.010318801
SBref,1074,Sabah,89,ShFa,1,53,17.60751324,2.034448992,7.671490517,0.3,39,Humid,0,0.992185465,0.021458157,1.142389082,0.048076733,0.932306441,0.017594083,12,-0.388718286,-1.583674223,1.724761898,-0.344502447,-1.739766636,1.481022548,0.01197318
SBref,1075,Sabah,89,ShFa,1,53.5,9.480495748,2.49934958,7.827377583,2.735,40,Humid,0,1.003567261,0.020575126,0.836105767,0.049110518,1.0362455,0.017210647,12,-0.210282177,0.916139706,-1.154053023,-0.135568642,0.962385835,-1.160644709,0.010050404
SBref,1076,Sabah,90,HoFe,1,35.5,9.230190545,2.477039882,7.272103097,-0.08,41,Humid,0,0.965831644,0.021374163,0.825986956,0.045575623,1.032135003,0.018129847,12,-0.845877042,0.796178374,-1.242718066,-0.828275319,0.855523317,-1.24791858,0.009877728
SBref,1077,Sabah,90,HoFe,1,45,11.87986059,2.382054165,8.526855651,-0.635,42,Humid,0,1.044132546,0.019780853,0.948999497,0.048388692,1.012220441,0.017974179,12,0.590375299,0.285431293,-0.304131472,0.609081809,0.337795112,-0.186945997,0.011065661
SBref,1078,Sabah,91,ShGi,1,48.5,8.770378707,2.448760379,7.012064477,-0.355,43,Humid,0,0.946726944,0.020693373,0.799999353,0.045754331,1.025491699,0.018195307,12,-1.143530214,0.644116842,-1.405596167,-1.178977248,0.682814214,-1.472059422,0.009487175
SBref,1079,Sabah,91,ShGi,1,51,13.21474095,2.216181466,7.794263841,-0.295,44,Humid,0,1.000888387,0.020427502,1.002220714,0.048082399,0.975389107,0.017542449,12,-0.248185817,-0.606481718,0.168720161,-0.184744295,-0.619726359,0.272082426,0.011137826
SBref,1080,Sabah,92,ShJo,1,41.5,10.76591483,2.465213542,8.476118053,-0.605,45,Humid,0,1.042047634,0.021276157,0.899364958,0.049056465,1.028849226,0.017970834,12,0.532298515,0.732587038,-0.698721945,0.570809416,0.77010144,-0.615039626,0.010710854
SBref,1081,Sabah,92,ShJo,1,51,13.09513899,2.33401733,8.84814908,-0.45,46,Humid,0,1.062896149,0.021733166,0.995310507,0.048545994,1.001791779,0.017883085,12,0.958143779,0.027132739,0.126353831,0.953522269,0.066676299,0.212482482,0.011450846
SBref,1082,Sabah,93,DrLa,1,35.5,7.997674092,2.590883473,7.095415811,-0.565,47,Humid,0,0.953261798,0.020755231,0.756578719,0.046626051,1.053339053,0.01742945,12,-1.04812212,1.408326006,-1.679309566,-1.059017973,1.406774953,-1.846558657,0.009289464
SBref,1083,Sabah,93,DrLa,1,41.5,13.23417196,2.362109699,9.175082634,-0.61,48,Humid,0,1.08117685,0.021114928,1.003330233,0.049486209,1.007506135,0.017337036,12,1.332368228,0.178188034,0.175603164,1.289098187,0.215235096,0.281651934,0.011628568
SBref,1084,Sabah,94,ShLe,1,36.5,13.12058876,2.374349547,8.000781603,4.07,49,Humid,0,1.013939732,0.020690062,0.996660635,0.049673981,1.009946099,0.017855082,12,-0.011795289,0.244002841,0.135368845,0.054837159,0.27866797,0.224127224,0.011587557
SBref,1085,Sabah,94,ShLe,1,46.5,12.00538756,2.376184199,8.686598696,-0.1,50,Humid,0,1.054298505,0.020020634,0.953596295,0.048157045,1.010849884,0.017550573,12,0.773225154,0.253867937,-0.259666339,0.795696699,0.302164086,-0.147299004,0.011099742
SBref,1086,Sabah,95,ShMl,1,44,15.46294432,2.228530631,8.028207279,0.48,51,Humid,0,1.013895445,0.021465901,1.07926762,0.048965898,0.978918522,0.017704535,12,0.019597508,-0.540079104,0.965096127,0.054024181,-0.527970488,0.93660537,0.01205037
SBref,1087,Sabah,95,ShMl,1,46,17.60821553,2.009714647,7.009015675,3.45,52,Humid,0,0.948270277,0.020515116,1.143050225,0.046916453,0.926485175,0.017868519,12,-1.147020024,-1.716673108,1.725010669,-1.150646538,-1.891104812,1.486724851,0.011883197
SBref,1088,Sabah,96,ShMr,1,40.5,15.47044657,2.247227015,9.075278244,0.19,53,Humid,0,1.075931312,0.020490972,1.078888446,0.049149239,0.982807587,0.017752959,12,1.218127146,-0.439546899,0.967753632,1.192806687,-0.426864659,0.933335021,0.012108232
SBref,1089,Sabah,96,ShMr,1,36.5,5.341201573,3.192554018,6.266135143,2.825,54,Humid,0,0.892483474,0.02186683,0.57713808,0.040749374,1.156886571,0.017335005,12,-1.997358125,4.643564781,-2.620305784,-2.174715955,4.098748326,-3.394218746,0.00800247
SBref,1090,Sabah,97,PaMa,1,45.5,12.9294279,2.187905928,7.376948143,-0.255,55,Humid,0,0.973256508,0.020911271,0.991632569,0.050389162,0.97022479,0.017010133,12,-0.725866175,-0.75852193,0.067654368,-0.691978278,-0.75398552,0.180760585,0.010944554
SBref,1091,Sabah,97,PaMa,1,49.5,16.99909144,2.201073981,8.048527834,-0.065,56,Humid,0,1.01544076,0.021160843,1.128549692,0.047864291,0.973671787,0.018729043,12,0.042857428,-0.687716078,1.509242028,0.082391283,-0.664372329,1.361659001,0.012513111
SBref,1092,Sabah,98,ShOv,1,44.5,17.42599342,2.168852728,9.008503671,-0.265,57,Humid,0,1.071267835,0.020521253,1.140210606,0.048626439,0.965443044,0.01776273,12,1.14169364,-0.860972768,1.660462545,1.107199973,-0.878298815,1.462233384,0.012504027
SBref,1093,Sabah,98,ShOv,1,45,19.63540404,2.037649126,7.078979272,0.365,58,Humid,0,0.95194608,0.020879791,1.196588649,0.046726808,0.934163493,0.017709194,12,-1.066936203,-1.566466803,2.443097044,-1.083170406,-1.691487984,1.948489152,0.01257364
SBref,1094,Sabah,99,ShPa,1,39,15.76875213,2.175964593,8.500543609,0.055,59,Humid,0,1.044452242,0.021318415,1.089765071,0.049703431,0.966438673,0.018043895,12,0.560257224,-0.822731605,1.073421732,0.614950423,-0.852414974,1.02714498,0.011966804
SBref,1095,Sabah,99,ShPa,1,48.5,11.7062141,2.366050387,8.328025652,-0.54,60,Humid,0,1.0324126,0.020764535,0.940000767,0.048004715,1.008462647,0.017169373,12,0.362784568,0.199377482,-0.365641874,0.393940637,0.240101968,-0.264559269,0.010907996
SBref,1096,Sabah,100,HoSa,1,39.5,11.54967267,2.348859893,8.063611498,0,61,Humid,0,1.018118167,0.021199627,0.936385602,0.048890691,1.005757417,0.017859954,12,0.060122942,0.106942588,-0.421093188,0.13154001,0.169772837,-0.295739757,0.010828261
SBref,1097,Sabah,100,HoSa,1,51,11.91935004,2.667872718,11.37906699,0.77,62,Humid,0,1.187490849,0.019992998,0.950986301,0.047522084,1.069340679,0.018259454,12,3.855158624,1.822304375,-0.290143214,3.240687272,1.822776716,-0.169809984,0.011906988
SBref,1098,Sabah,101,PaTo,1,50.5,10.30935766,2.429136695,7.045763491,0.825,63,Humid,0,0.950154024,0.021216325,0.878679614,0.048154843,1.022006318,0.017520891,12,-1.104956642,0.538598458,-0.860447153,-1.116066898,0.592203143,-0.793448938,0.01037434
SBref,1099,Sabah,101,PaTo,1,47,12.9541797,2.216422007,7.128434609,-0.26,64,Humid,0,0.956499309,0.021470768,0.9928859,0.049165473,0.976666009,0.017963251,12,-1.010327158,-0.605188307,0.076422142,-0.999587514,-0.586530129,0.191570461,0.011052822
SBref,1100,Sabah,102,DiCo|DrLa|HoSa|HoFe|PaMa|PaTo|ShJo|ShGi|ShAr|ShFa|ShMl|ShMr|ShOv|ShPa|ShBe|ShLe,16,44.5,12.54295503,2.306313664,8.021989587,-0.255,65,Humid,4,1.016056978,0.02130899,0.975728395,0.048677335,0.99523224,0.017470747,12,0.012480427,-0.121832463,-0.069245037,0.09370311,-0.103855113,0.043588453,0.011130335
SBref,1101,Sabah,102,DiCo|DrLa|HoSa|HoFe|PaMa|PaTo|ShJo|ShGi|ShAr|ShFa|ShMl|ShMr|ShOv|ShPa|ShBe|ShLe,16,42.5,12.45906999,2.297484392,7.801459851,-0.245,66,Humid,4,1.000768997,0.021272599,0.970461101,0.049799187,0.993752239,0.017960108,12,-0.239948905,-0.169308284,-0.098959444,-0.186935926,-0.142331408,-0.001841508,0.011048906
SBref,1102,Sabah,102,DiCo|DrLa|HoSa|HoFe|PaMa|PaTo|ShJo|ShGi|ShAr|ShFa|ShMl|ShMr|ShOv|ShPa|ShBe|ShLe,16,49,13.08744999,2.381956127,9.321872995,-0.52,67,Humid,4,1.090350614,0.021528098,0.996573111,0.048872954,1.01139942,0.018256224,12,1.500391795,0.284904133,0.123630174,1.457499508,0.316450636,0.223372336,0.011608165
SBref,1103,Sabah,102,DiCo|DrLa|HoSa|HoFe|PaMa|PaTo|ShJo|ShGi|ShAr|ShFa|ShMl|ShMr|ShOv|ShPa|ShBe|ShLe,16,46,16.42868482,2.219624871,8.7871365,-0.355,68,Humid,4,1.061124622,0.019942487,1.109061911,0.048995101,0.977239415,0.017389941,12,0.888305738,-0.587966208,1.307188188,0.921002637,-0.571623043,1.193578566,0.012355496
SBref,1104,Sabah,102,DiCo|DrLa|HoSa|HoFe|PaMa|PaTo|ShJo|ShGi|ShAr|ShFa|ShMl|ShMr|ShOv|ShPa|ShBe|ShLe,16,48,11.26562569,2.356422679,7.956944285,-0.1,69,Humid,4,1.010171704,0.020954981,0.922037458,0.049760501,1.006319135,0.018125454,12,-0.061973669,0.147608396,-0.521710504,-0.014331941,0.184376076,-0.419491259,0.010670063
SBref,1105,Sabah,102,DiCo|DrLa|HoSa|HoFe|PaMa|PaTo|ShJo|ShGi|ShAr|ShFa|ShMl|ShMr|ShOv|ShPa|ShBe|ShLe,16,51,9.967307964,2.476423394,7.784953051,3.175,70,Humid,4,0.999232163,0.020498953,0.859695905,0.048315881,1.032472652,0.018226704,12,-0.258843412,0.79286346,-0.981610639,-0.215147336,0.864301337,-0.957181795,0.010285205
SBref,1106,Sabah,102,DiCo|DrLa|HoSa|HoFe|PaMa|PaTo|ShJo|ShGi|ShAr|ShFa|ShMl|ShMr|ShOv|ShPa|ShBe|ShLe,16,51.5,17.01039755,2.130933726,8.484371435,-0.12,71,Humid,4,1.043031117,0.021236665,1.126954124,0.04726274,0.956054164,0.018207579,12,0.541745747,-1.064866787,1.513246965,0.588863064,-1.122385945,1.347897365,0.012203021
SBref,1107,Sabah,102,DiCo|DrLa|HoSa|HoFe|PaMa|PaTo|ShJo|ShGi|ShAr|ShFa|ShMl|ShMr|ShOv|ShPa|ShBe|ShLe,16,42.5,16.74997089,2.10730161,7.236005562,-0.155,72,Humid,4,0.963999869,0.020602408,1.117493487,0.049931052,0.95071819,0.017749386,12,-0.887196081,-1.191938884,1.420996622,-0.861900927,-1.261107767,1.266300185,0.012013072
SBref,1108,Sabah,102,DiCo|DrLa|HoSa|HoFe|PaMa|PaTo|ShJo|ShGi|ShAr|ShFa|ShMl|ShMr|ShOv|ShPa|ShBe|ShLe,16,42,14.86299423,2.263275958,9.051631778,0.275,73,Humid,4,1.075443333,0.020912517,1.056742306,0.050150243,0.986432029,0.017710681,12,1.191060222,-0.353250232,0.752577172,1.18384892,-0.332638345,0.74232647,0.011916436
SBref,1109,Sabah,102,DiCo|DrLa|HoSa|HoFe|PaMa|PaTo|ShJo|ShGi|ShAr|ShFa|ShMl|ShMr|ShOv|ShPa|ShBe|ShLe,16,42.5,13.04104461,2.279991789,8.038959836,-0.215,74,Humid,4,1.014570323,0.020750757,0.995222635,0.048930415,0.989638041,0.017218868,12,0.03190542,-0.263367646,0.107192102,0.066412807,-0.249290132,0.211724594,0.011270027
SBref,1110,Sabah,102,DiCo|DrLa|HoSa|HoFe|PaMa|PaTo|ShJo|ShGi|ShAr|ShFa|ShMl|ShMr|ShOv|ShPa|ShBe|ShLe,16,43,17.75197996,2.135448912,8.867009785,0.23,75,Humid,4,1.064150031,0.021479197,1.147732111,0.048207888,0.957479211,0.018144733,12,0.979732683,-1.04058821,1.775936016,0.976539593,-1.085338324,1.527105719,0.012452039
SBref,1111,Sabah,102,DiCo|DrLa|HoSa|HoFe|PaMa|PaTo|ShJo|ShGi|ShAr|ShFa|ShMl|ShMr|ShOv|ShPa|ShBe|ShLe,16,39.5,13.60044564,2.310811104,8.823038321,-0.525,76,Humid,4,1.06214545,0.021299535,1.015829306,0.049543848,0.996959226,0.017623976,12,0.929400753,-0.097649307,0.305347456,0.939741823,-0.058957861,0.389455365,0.011613856
SBref,1112,Sabah,102,DiCo|DrLa|HoSa|HoFe|PaMa|PaTo|ShJo|ShGi|ShAr|ShFa|ShMl|ShMr|ShOv|ShPa|ShBe|ShLe,16,45.5,8.805908441,2.539057229,7.59360561,-0.195,77,Humid,4,0.988428513,0.020432078,0.80190636,0.049154764,1.044578926,0.018161352,12,-0.477869234,1.129651447,-1.39301055,-0.41346821,1.179033822,-1.455611655,0.009739954
SBref,1113,Sabah,102,DiCo|DrLa|HoSa|HoFe|PaMa|PaTo|ShJo|ShGi|ShAr|ShFa|ShMl|ShMr|ShOv|ShPa|ShBe|ShLe,16,49.5,15.59378453,2.241189765,8.501801124,0.105,78,Humid,4,1.043953451,0.021461641,1.082521622,0.050149852,0.982625559,0.018701917,12,0.561696638,-0.472009757,1.011443357,0.605794199,-0.431596929,0.964670853,0.012146089
SBref,1114,Sabah,102,DiCo|DrLa|HoSa|HoFe|PaMa|PaTo|ShJo|ShGi|ShAr|ShFa|ShMl|ShMr|ShOv|ShPa|ShBe|ShLe,16,38,11.43716813,2.384886772,8.269193173,-0.385,79,Humid,4,1.029516433,0.020606493,0.929171555,0.047468854,1.013432341,0.018284353,12,0.295441979,0.300662485,-0.460945416,0.340776161,0.369301434,-0.357960284,0.010851285
SBref,1115,Sabah,102,DiCo|DrLa|HoSa|HoFe|PaMa|PaTo|ShJo|ShGi|ShAr|ShFa|ShMl|ShMr|ShOv|ShPa|ShBe|ShLe,16,42,14.36857757,2.188246116,7.924405753,4.76,80,Humid,4,1.009086041,0.019820704,1.044488597,0.049414125,0.969507398,0.018543848,12,-0.099218895,-0.756692707,0.577441083,-0.034261273,-0.772635901,0.636639287,0.011516869
SBref,1116,Sabah,102,DiCo|DrLa|HoSa|HoFe|PaMa|PaTo|ShJo|ShGi|ShAr|ShFa|ShMl|ShMr|ShOv|ShPa|ShBe|ShLe,16,47,15.18374401,2.067993188,6.875233697,2.03,81,Humid,4,0.93705753,0.020749435,1.067460916,0.049064728,0.940571999,0.017016072,12,-1.300153547,-1.403303944,0.866195637,-1.356477131,-1.524883043,0.834773556,0.011316664
SBref,1117,Sabah,102,DiCo|DrLa|HoSa|HoFe|PaMa|PaTo|ShJo|ShGi|ShAr|ShFa|ShMl|ShMr|ShOv|ShPa|ShBe|ShLe,16,45.5,14.10544603,2.354303894,9.13920132,0.22,82,Humid,4,1.079560334,0.021851279,1.034986208,0.049138146,1.005604787,0.017981319,12,1.291296687,0.136215491,0.484232596,1.259424061,0.165804858,0.554681993,0.011966112
SBref,1118,Sabah,102,DiCo|DrLa|HoSa|HoFe|PaMa|PaTo|ShJo|ShGi|ShAr|ShFa|ShMl|ShMr|ShOv|ShPa|ShBe|ShLe,16,44.5,11.69914474,2.322771085,7.830852283,1.92,83,Humid,4,1.002583577,0.020351224,0.940565768,0.050349374,0.999652138,0.018344989,12,-0.206304862,-0.033339371,-0.368146037,-0.153625962,0.011051032,-0.259686179,0.010791058
SBref,1119,Sabah,102,DiCo|DrLa|HoSa|HoFe|PaMa|PaTo|ShJo|ShGi|ShAr|ShFa|ShMl|ShMr|ShOv|ShPa|ShBe|ShLe,16,42,11.6429516,2.417210922,8.19668798,-0.345,84,Humid,4,1.02431014,0.020657944,0.937054633,0.047933436,1.019754743,0.017646616,12,0.212448919,0.474472462,-0.388051205,0.245205074,0.533667885,-0.28996942,0.011031961
SBref,1120,Sabah,102,DiCo|DrLa|HoSa|HoFe|PaMa|PaTo|ShJo|ShGi|ShAr|ShFa|ShMl|ShMr|ShOv|ShPa|ShBe|ShLe,16,41,15.07620997,2.098308146,7.46354411,-0.095,85,Humid,4,0.97738249,0.020190536,1.067305769,0.04895935,0.949449227,0.017781924,12,-0.626744113,-1.240297581,0.828104098,-0.616238292,-1.294097569,0.833435427,0.011453698
SBref,1121,Sabah,102,DiCo|DrLa|HoSa|HoFe|PaMa|PaTo|ShJo|ShGi|ShAr|ShFa|ShMl|ShMr|ShOv|ShPa|ShBe|ShLe,16,53.5,15.19347357,2.146382862,7.772571172,3.055,86,Humid,4,0.999818635,0.020903378,1.069915698,0.050952103,0.960286498,0.01756014,12,-0.273016328,-0.981795338,0.869642117,-0.204381564,-1.012355952,0.855945848,0.011651942
SBref,1122,Sabah,102,DiCo|DrLa|HoSa|HoFe|PaMa|PaTo|ShJo|ShGi|ShAr|ShFa|ShMl|ShMr|ShOv|ShPa|ShBe|ShLe,16,36,15.83563885,2.07429247,7.504972549,-0.15,87,Humid,4,0.980532559,0.020166171,1.090805972,0.050713367,0.943273223,0.017372282,12,-0.579323056,-1.369432116,1.097114863,-0.558412981,-1.454658046,1.036122661,0.011607242
SBref,1123,Sabah,102,DiCo|DrLa|HoSa|HoFe|PaMa|PaTo|ShJo|ShGi|ShAr|ShFa|ShMl|ShMr|ShOv|ShPa|ShBe|ShLe,16,45,17.81232616,2.184968984,9.063131316,-0.04,88,Humid,4,1.0751653,0.021299722,1.1521705,0.048997345,0.969626154,0.01799049,12,1.204223167,-0.774314152,1.797312313,1.178745129,-0.769548535,1.565386439,0.012706223
SBref,1124,Sabah,102,DiCo|DrLa|HoSa|HoFe|PaMa|PaTo|ShJo|ShGi|ShAr|ShFa|ShMl|ShMr|ShOv|ShPa|ShBe|ShLe,16,41.75,11.07077244,2.358371778,7.564854043,-0.2625,89,Humid,4,0.985199171,0.02062905,0.91379034,0.049431283,1.007184941,0.01796536,12,-0.510779711,0.158088883,-0.590732928,-0.472748722,0.206884851,-0.490621948,0.010586425
SBref,1125,Sabah,102,DiCo|DrLa|HoSa|HoFe|PaMa|PaTo|ShJo|ShGi|ShAr|ShFa|ShMl|ShMr|ShOv|ShPa|ShBe|ShLe,16,43,12.05665016,2.444667498,7.989397593,0,90,Humid,4,1.011892653,0.020425022,0.954709502,0.050713127,1.025441732,0.017751532,12,-0.024825994,0.622109038,-0.241507705,0.017259255,0.68151522,-0.137697695,0.011321164
SBref,1126,Sabah,102,DiCo|DrLa|HoSa|HoFe|PaMa|PaTo|ShJo|ShGi|ShAr|ShFa|ShMl|ShMr|ShOv|ShPa|ShBe|ShLe,16,45.5,14.82613056,2.216129182,7.945553388,7.44,91,Humid,4,1.010519545,0.02137696,1.053506863,0.048917854,0.975532785,0.017517373,12,-0.075012258,-0.606762854,0.739519038,-0.007946674,-0.615991096,0.714421054,0.011710013
SBref,1127,Sabah,102,DiCo|DrLa|HoSa|HoFe|PaMa|PaTo|ShJo|ShGi|ShAr|ShFa|ShMl|ShMr|ShOv|ShPa|ShBe|ShLe,16,45,13.47629542,2.29713348,7.899296177,0.2,92,Humid,4,1.007003711,0.020164113,1.01138792,0.049324855,0.993652739,0.018050672,12,-0.127960568,-0.171195171,0.261370006,-0.072486266,-0.144918154,0.351148787,0.011513372
SBref,1128,Sabah,102,DiCo|DrLa|HoSa|HoFe|PaMa|PaTo|ShJo|ShGi|ShAr|ShFa|ShMl|ShMr|ShOv|ShPa|ShBe|ShLe,16,39.5,8.169705183,2.491342112,6.797102594,-0.44,93,Humid,4,0.932397159,0.021038356,0.767720455,0.048165542,1.034482036,0.017217492,12,-1.389586304,0.873082802,-1.618371384,-1.442026827,0.916540232,-1.750462143,0.009208019
SBref,1129,Sabah,102,DiCo|DrLa|HoSa|HoFe|PaMa|PaTo|ShJo|ShGi|ShAr|ShFa|ShMl|ShMr|ShOv|ShPa|ShBe|ShLe,16,48,7.203317692,2.69604275,7.087416931,-0.3,94,Humid,4,0.952558779,0.021304602,0.707420175,0.044551707,1.074002409,0.017350384,12,-1.057278037,1.973777271,-1.960692626,-1.071923196,1.943969914,-2.270546876,0.008907481
SBref,1130,Sabah,102,DiCo|DrLa|HoSa|HoFe|PaMa|PaTo|ShJo|ShGi|ShAr|ShFa|ShMl|ShMr|ShOv|ShPa|ShBe|ShLe,16,46,11.68905564,2.491282138,9.433359445,-0.22,95,Humid,4,1.095856202,0.020844409,0.942346191,0.04887332,1.035133414,0.018415143,12,1.628004745,0.872760316,-0.371719876,1.558564701,0.93347441,-0.244330186,0.011311705
SBref,1131,Sabah,102,DiCo|DrLa|HoSa|HoFe|PaMa|PaTo|ShJo|ShGi|ShAr|ShFa|ShMl|ShMr|ShOv|ShPa|ShBe|ShLe,16,40,12.06865466,2.183311166,6.992062882,0.12,96,Humid,4,0.945722564,0.020189034,0.953665718,0.049755497,0.968112106,0.017011016,12,-1.166425037,-0.783228395,-0.237255378,-1.197414503,-0.808909957,-0.146700243,0.010495806
ASref,1132,Sardinillia,3,AnEx,1,21.5,15.40110846,1.961277473,6.332737096,5.37,97,Humid,0,0.86168659,0.010898783,1.088556914,0.033621445,0.910525829,0.010167695,11,0.118566753,-0.529643519,0.736911679,0.180751054,-0.52059087,0.725517457,0.011064542
ASref,1133,Sardinillia,3,AnEx,1,20,13.22696856,2.198636976,7.648147294,0.17,98,Humid,0,0.955398036,0.010940177,1.014859606,0.033666249,0.968305887,0.00984798,11,1.356411486,0.821828678,0.030566228,1.276088601,0.873124224,0.145618477,0.01117219
ASref,1134,Sardinillia,5,TaRo,1,16.25,9.497319066,2.312584147,6.460424863,-0.055,99,Humid,0,0.871699045,0.010305338,0.850914133,0.032764327,0.992628823,0.009891775,11,0.238725187,1.470618519,-1.181140961,0.297780711,1.459818763,-1.144412542,0.009673639
ASref,1135,Sardinillia,5,TaRo,1,17,11.5653506,2.149360094,6.508747127,-0.16,100,Humid,0,0.875772564,0.011263487,0.948315291,0.033162875,0.95612227,0.010050881,11,0.284198045,0.541257079,-0.509268528,0.345393656,0.579242709,-0.377996043,0.010269611
ASref,1136,Sardinillia,22,CoAl|HuCr|TaRo,3,16.75,10.8213407,2.04989273,5.558651944,0.49,101,Humid,1.584962501,0.799026302,0.010305953,0.91320388,0.032374843,0.932702988,0.010232107,11,-0.609873114,-0.02508796,-0.750986189,-0.551647902,0.014345286,-0.65427576,0.009576409
ASref,1137,Sardinillia,23,AnEx|CoAl|TaRo,3,16.5,12.16569744,2.236634837,7.468376702,2.6425,102,Humid,1.584962501,0.943545141,0.010853853,0.973037168,0.033296909,0.975956206,0.010190676,11,1.187241382,1.038180044,-0.314224844,1.137547134,1.05765789,-0.183468031,0.010821658
ASref,1138,Sardinillia,24,AnEx|CoAl|CeOd|HuCr|LuSe|TaRo,6,22,17.56175197,2.082490267,8.148285196,-0.18,103,Humid,2.584962501,0.987234578,0.010685727,1.154983697,0.033163367,0.940542952,0.009737874,11,1.827057881,0.160515163,1.438872354,1.648207074,0.20345335,1.248207157,0.012244045
ASref,1139,Sardinillia,24,AnEx|CoAl|CeOd|HuCr|LuSe|TaRo,6,23,18.03129348,1.843552592,5.88023886,0.9675,104,Humid,2.584962501,0.825960056,0.010825132,1.165170966,0.031989866,0.879705651,0.0103845,11,-0.307249132,-1.199942794,1.591419348,-0.236835222,-1.264005633,1.328367302,0.011326062
ASref,1140,Sardinillia,24,AnEx|CoAl|CeOd|HuCr|LuSe|TaRo,6,19,14.81936824,2.019024048,6.695497588,0.2825,105,Humid,2.584962501,0.88875492,0.0106826,1.07027226,0.033091391,0.925278148,0.010107492,11,0.459936438,-0.200847369,0.547913006,0.497136718,-0.16474958,0.581641749,0.0111078
ASref,1141,Sardinillia,24,AnEx|CoAl|CeOd|HuCr|LuSe|TaRo,6,23.25,17.58761902,2.076970556,8.164379476,-0.56,106,Humid,2.584962501,0.988114589,0.010886892,1.154576797,0.032098998,0.93959477,0.010385606,11,1.842203134,0.129087154,1.447276171,1.658493001,0.180582222,1.245005394,0.012223733
ASref,1142,Sardinillia,24,AnEx|CoAl|CeOd|HuCr|LuSe|TaRo,6,21.75,15.66335823,1.979782371,6.561178343,-0.2475,107,Humid,2.584962501,0.878716341,0.010544292,1.098920662,0.033351568,0.915090788,0.010325837,11,0.333537562,-0.424280747,0.822112697,0.379801719,-0.410479309,0.807066256,0.011242557
ASref,1143,Sardinillia,24,AnEx|CoAl|CeOd|HuCr|LuSe|TaRo,6,19.75,15.37722883,1.89451657,5.734866628,3.1075,108,Humid,2.584962501,0.813577612,0.010221905,1.089979354,0.031277921,0.893509841,0.010503208,11,-0.444049236,-0.909765246,0.729153546,-0.381566268,-0.931034209,0.73671015,0.010811258
ASref,1144,Sardinillia,223,LuSe,1,17.25,12.33980894,1.979036828,5.607232442,0.855,109,Humid,0,0.803284263,0.010780439,0.979591635,0.033208104,0.914950965,0.010257667,11,-0.56415725,-0.4285257,-0.257658627,-0.501879123,-0.413851994,-0.131893163,0.010019771
ASref,1145,Sardinillia,223,LuSe,1,17.5,13.11856074,1.910871092,5.286250471,3.2975,110,Humid,0,0.774696972,0.010443842,1.009531651,0.032410228,0.897615257,0.010446097,11,-0.866211956,-0.816646237,-0.004653846,-0.836019025,-0.832007307,0.103694612,0.010073018
ASref,1146,Sardinillia,224,HuCr,1,17.5,7.225688726,2.523122878,6.039201987,27.97,111,Humid,0,0.838876863,0.010716394,0.719989842,0.030598616,1.036271091,0.009918391,11,-0.157659544,2.669379206,-1.919159593,-0.085858317,2.512515647,-2.174611134,0.00865491
ASref,1147,Sardinillia,224,HuCr,1,14.75,7.834644389,1.941283302,3.917385884,66.3275,112,Humid,0,0.638001124,0.008991295,0.757563245,0.029937093,0.905502786,0.010167765,11,-2.154359047,-0.64348588,-1.72131903,-2.433775768,-0.641751895,-1.878958835,0.007645145
ASref,1148,Sardinillia,225,CeOd,1,17.75,13.78095457,1.9883706,6.162159303,10.8875,113,Humid,0,0.848439481,0.010521169,1.033778132,0.032065339,0.91731532,0.010415525,11,-0.041952622,-0.375381282,0.210547976,0.025913456,-0.356821288,0.294481903,0.010609465
ASref,1149,Sardinillia,225,CeOd,1,14.75,7.938763044,2.295684825,5.609360562,3.025,114,Humid,0,0.803531294,0.010612912,0.765814871,0.029326575,0.989075612,0.010157933,11,-0.562154617,1.37439754,-1.68749244,-0.498991731,1.374111603,-1.814029609,0.008665794
ASref,1150,Sardinillia,226,AnEx|CeOd|LuSe,3,18.5,14.07151646,1.943928295,5.813744785,1.195,115,Humid,1.584962501,0.820610002,0.010955476,1.045832964,0.03240066,0.906074147,0.010182804,11,-0.369822268,-0.628425875,0.304947177,-0.299368831,-0.627970083,0.389337267,0.01056293
ASref,1151,Sardinillia,227,AnEx|LuSe|TaRo,3,23.25,14.50554239,2.053334547,6.841706039,3.1175,116,Humid,1.584962501,0.899603833,0.010956029,1.060876582,0.032673489,0.933394002,0.010397159,11,0.597523452,-0.005491022,0.445955692,0.623943232,0.031013258,0.507710363,0.011135684
ASref,1152,Sardinillia,228,CoAl|CeOd|HuCr,3,17.75,12.779672,2.009065257,5.80039383,6.47,117,Humid,1.584962501,0.820265668,0.010637158,0.996852865,0.032632035,0.922738184,0.009956853,11,-0.382385961,-0.257550507,-0.114753717,-0.303393549,-0.22601617,0.00392957,0.010309005
ASref,1153,Sardinillia,229,CeOd|HuCr|LuSe,3,20,13.60992151,1.745156325,4.309330033,3.54,118,Humid,1.584962501,0.680098831,0.009741663,1.027153821,0.032762984,0.853480373,0.01011104,11,-1.785526571,-1.760189248,0.1549819,-1.94172062,-1.896586614,0.24235746,0.009600199
UDref,1154,UADY,5,TaRo,1,12,6.681061903,1.773303466,2.965656004,22.435,472,Seasonal,0,0.560343101,0.015130214,0.818859547,0.011410357,0.838904712,0.008544518,8,-1.388620139,-0.787994081,-1.745853828,-1.483838275,-0.777325699,-1.807777834,0.007484334
UDref,1155,UADY,5,TaRo,1,18,7.710559051,1.741980285,3.111445672,28.23,473,Seasonal,0,0.579932784,0.014842894,0.888303533,0.012035382,0.829883081,0.008565784,8,-1.251529413,-0.991156318,-1.215507538,-1.309291811,-1.00370916,-1.158009813,0.008006005
UDref,1156,UADY,115,TaRo|SwMa|CePe|EnCy,4,18,12.49290789,1.939677397,5.327990086,2.325,474,Seasonal,2,0.822774707,0.018469868,1.129165589,0.011671464,0.883037838,0.008298019,8,0.83275877,0.29110769,1.248123337,0.854459326,0.330124907,1.095669327,0.011030015
UDref,1157,UADY,115,TaRo|SwMa|CePe|EnCy,4,17,10.24770033,1.891242557,4.433530239,2.875,475,Seasonal,2,0.735065814,0.017100045,1.031296492,0.012013985,0.870255206,0.008180136,8,-0.008330665,-0.023040815,0.091502845,0.072962401,0.009365072,0.179935465,0.009885303
UDref,1158,UADY,115,TaRo|SwMa|CePe|EnCy,4,17.5,12.84679796,1.951566853,5.62599182,2.01,476,Seasonal,2,0.847913378,0.018566942,1.143063878,0.011471684,0.885466748,0.008879284,8,1.112979409,0.368222734,1.430430093,1.078447952,0.391074539,1.225711746,0.011205621
UDref,1159,UADY,116,SwMa,1,14.5,9.298469122,1.822402994,3.85645776,4.71,477,Seasonal,0,0.671347416,0.016668927,0.982593321,0.012166727,0.852505093,0.008310097,8,-0.550970524,-0.469534408,-0.39749438,-0.494776296,-0.436045767,-0.275766534,0.009170112
UDref,1160,UADY,116,SwMa,1,14,9.894012252,1.838402897,4.046815813,4.9,478,Seasonal,0,0.694195505,0.016603638,1.013795193,0.012128383,0.8564199,0.008226318,8,-0.371970709,-0.365758994,-0.090699854,-0.291197034,-0.337809901,0.016180685,0.009517685
UDref,1161,UADY,116,SwMa,1,15,10.28970661,1.840640342,4.162692322,2.425,518,Seasonal,0,0.705978603,0.017557363,1.032957049,0.012235287,0.857108463,0.008373284,8,-0.263008292,-0.351246919,0.113142414,-0.186208194,-0.320531514,0.195472831,0.009707692
UDref,1162,UADY,116,SwMa,1,13.5,7.864794821,1.752157093,3.179359748,9.185,519,Seasonal,0,0.588442614,0.015466899,0.899823819,0.011530825,0.832966268,0.008364513,8,-1.187667617,-0.925149514,-1.136052857,-1.233468193,-0.926341483,-1.050217705,0.008148927
UDref,1163,UADY,116,SwMa,1,14,10.46732093,1.810492658,4.046239212,7.675,520,Seasonal,0,0.69351434,0.016740104,1.041571367,0.012114599,0.849106422,0.008645291,8,-0.372512906,-0.54678488,0.204640575,-0.297266298,-0.521329995,0.276074608,0.009670304
UDref,1164,UADY,116,SwMa,1,13.5,10.06827652,1.862945919,4.213680768,4.895,521,Seasonal,0,0.712195725,0.017672443,1.021639113,0.012082026,0.862862321,0.008705088,8,-0.215062212,-0.206572886,-0.000927476,-0.130812878,-0.176147606,0.089574053,0.009684992
UDref,1165,UADY,116,SwMa,1,12.33333333,8.145550047,1.887466456,3.789525289,7.016666667,522,Seasonal,0,0.664853759,0.016494241,0.91711076,0.012269422,0.869631763,0.008342324,8,-0.613909285,-0.047532616,-0.991421575,-0.552635571,-0.006279216,-0.888468611,0.008782631
UDref,1166,UADY,116,SwMa,1,13.5,7.879353333,1.830005196,3.484562295,11.205,523,Seasonal,0,0.627144561,0.015947458,0.899213045,0.011598026,0.853852171,0.008235012,8,-0.900675822,-0.420226505,-1.128553027,-0.888629121,-0.402242976,-1.055932547,0.00840916
UDref,1167,UADY,116,SwMa,1,15.5,9.094628724,1.897694225,4.143964648,3.945,524,Seasonal,0,0.704767736,0.016787774,0.971270077,0.011563662,0.87194857,0.008648505,8,-0.280618527,0.018804721,-0.502502926,-0.196997169,0.051857362,-0.381714975,0.009333429
UDref,1168,UADY,116,SwMa,1,16,9.956548484,1.78955823,3.824779457,2.665,525,Seasonal,0,0.668926193,0.016363239,1.016616775,0.012297566,0.843138795,0.008292135,8,-0.580758654,-0.682565637,-0.058484264,-0.51634969,-0.671078118,0.04258144,0.009352685
UDref,1169,UADY,116,SwMa,1,14.5,9.040957498,1.805945552,3.683266543,2.54,526,Seasonal,0,0.652203121,0.016700726,0.968271157,0.011559221,0.847971026,0.008394922,8,-0.71382781,-0.576277422,-0.530151701,-0.6653543,-0.549820952,-0.409775037,0.008974175
UDref,1170,UADY,116,SwMa,1,14,7.932429559,1.820052962,3.456036383,5.64,527,Seasonal,0,0.623594021,0.016394909,0.903496672,0.011670987,0.85136088,0.008380297,8,-0.927499656,-0.484776722,-1.101210767,-0.920264871,-0.464757971,-1.015851841,0.008417265
UDref,1171,UADY,117,PiPi,1,14.5,11.49754854,1.554666952,2.9394966,36.065,479,Seasonal,0,0.556425249,0.015010746,1.088474679,0.01199234,0.77593227,0.008252375,8,-1.41321867,-2.206071107,0.735363162,-1.518746817,-2.357518929,0.714935822,0.008991168
UDref,1172,UADY,117,PiPi,1,15,11.18357504,1.51755908,2.738033421,33.095,480,Seasonal,0,0.528651303,0.014672867,1.074349699,0.011802892,0.764626995,0.007854073,8,-1.602660993,-2.446752866,0.57361946,-1.766216062,-2.641206819,0.582772324,0.008707182
UDref,1173,UADY,118,SwMa|CePe|PiPi|EnCy,4,16,12.87039036,1.807634317,4.538208407,2.905,481,Seasonal,2,0.746308885,0.01708454,1.143844761,0.011902538,0.848453906,0.008296662,8,0.090101591,-0.565324088,1.442583737,0.173139536,-0.537703856,1.23301825,0.010609264
UDref,1174,UADY,118,SwMa|CePe|PiPi|EnCy,4,16,13.20300122,1.902280339,5.273951639,4.69,482,Seasonal,2,0.818993082,0.018620478,1.156029759,0.011498355,0.873107329,0.008702938,8,0.781944675,0.048550269,1.613928491,0.82076459,0.080934566,1.347029882,0.011128027
UDref,1175,UADY,119,TaRo|SwMa|CoDo|EnCy,4,13.5,9.980299979,2.155518536,5.862357817,1.55,483,Seasonal,2,0.869828878,0.018740663,1.017433238,0.012586454,0.935249495,0.008622961,8,1.335241977,1.691053906,-0.046248662,1.273717727,1.640293357,0.050220854,0.010707212
UDref,1176,UADY,119,TaRo|SwMa|CoDo|EnCy,4,16,10.08420226,2.144431866,5.801365651,4.355,484,Seasonal,2,0.864500488,0.018870387,1.023225313,0.011654288,0.932814428,0.008650605,8,1.277889077,1.619145734,0.007276682,1.226241122,1.579189226,0.104415687,0.010731823
UDref,1177,UADY,119,TaRo|SwMa|CoDo|EnCy,4,20.5,11.82962951,2.096055891,6.22274989,5.23,485,Seasonal,2,0.898512841,0.017793861,1.102678563,0.011781701,0.921150742,0.008536641,8,1.674130264,1.305379028,0.906434943,1.529295336,1.286507599,0.847837612,0.011377973
UDref,1178,UADY,120,TaRo|SwMa|CoDo|PiPi,4,14.5,11.03247033,2.035310678,5.513368194,17.275,486,Seasonal,2,0.839136913,0.018865695,1.067846775,0.012006647,0.90668462,0.008839603,8,1.007075782,0.911385411,0.495777746,1.000248578,0.923503267,0.521926278,0.010794694
UDref,1179,UADY,120,TaRo|SwMa|CoDo|PiPi,4,15,11.17118026,1.978108198,5.196025057,13.565,487,Seasonal,2,0.811070682,0.01882751,1.073764922,0.011858854,0.892250633,0.008404953,8,0.708667798,0.54036997,0.567234279,0.750175042,0.561305326,0.577300725,0.010630971
UDref,1180,UADY,120,TaRo|SwMa|CoDo|PiPi,4,13.5,10.89026667,1.983802298,5.152925667,11.725,488,Seasonal,2,0.806024431,0.018373254,1.06103093,0.011561465,0.894242861,0.008435491,8,0.668140052,0.577301918,0.422521416,0.705212331,0.611297123,0.45815231,0.010535323
UDref,1181,UADY,121,TaRo|CoDo|PiPi|EnCy,4,15.5,11.96802332,1.879595778,4.831980688,6.06,489,Seasonal,2,0.776448228,0.017918735,1.108318268,0.012117506,0.86720198,0.008353202,8,0.366345139,-0.098581855,0.977728626,0.441684749,-0.067250762,0.900606756,0.010575273
UDref,1182,UADY,121,TaRo|CoDo|PiPi|EnCy,4,13.6,8.611398349,1.749066789,3.33544812,10.414,490,Seasonal,2,0.608824597,0.015832776,0.944511477,0.011758685,0.832181716,0.008589348,8,-1.040892688,-0.945193234,-0.751439445,-1.051862232,-0.946028574,-0.632087743,0.008543178
UDref,1183,UADY,123,TaRo|SwMa|CePe|PiPi,4,14,9.492308641,1.758625606,3.609880381,16.27,491,Seasonal,2,0.642539558,0.01547939,0.993043033,0.012078235,0.834923126,0.008181427,8,-0.782835185,-0.883194721,-0.297637795,-0.751457825,-0.877237259,-0.177991496,0.009020539
UDref,1184,UADY,123,TaRo|SwMa|CePe|PiPi,4,14.5,10.79170714,1.849858359,4.331358708,8.455,492,Seasonal,2,0.725150014,0.017082344,1.056799372,0.011592192,0.859662765,0.008681575,8,-0.10440585,-0.291458836,0.371748394,-0.015388591,-0.256435379,0.418558799,0.00997016
UDref,1185,UADY,124,EnCy,1,19.5,10.35161178,1.787971497,3.901545585,11.415,493,Seasonal,0,0.677602444,0.016776254,1.036290858,0.011847128,0.842701742,0.00841682,8,-0.508572989,-0.692857192,0.145032913,-0.439043234,-0.682045258,0.226666353,0.009527275
UDref,1186,UADY,124,EnCy,1,16,10.58791367,1.680741257,3.517742644,15.465,494,Seasonal,0,0.632376463,0.016126732,1.04768694,0.012194059,0.813147191,0.008027167,8,-0.86947527,-1.388352821,0.266764023,-0.842012239,-1.423669697,0.333296317,0.009196287
UDref,1187,UADY,125,CePe,1,12,5.084550302,1.675200482,2.33551286,6.985,495,Seasonal,0,0.46939349,0.012961444,0.691284683,0.010544202,0.811075774,0.008448616,8,-1.981164055,-1.424290303,-2.568298071,-2.294210398,-1.475648622,-3.001460288,0.006047856
UDref,1188,UADY,125,CePe,1,10,4.758517481,1.678835453,2.242191861,13.71,496,Seasonal,0,0.455112629,0.013788454,0.661290654,0.011079172,0.812153501,0.008209178,8,-2.0689168,-1.400713871,-2.736254143,-2.421454615,-1.448604769,-3.282106061,0.005795418
UDref,1189,UADY,126,SwMa|CoDo|PiPi|EnCy,4,15,11.66853178,1.792295796,4.189432316,13.18,497,Seasonal,2,0.709913349,0.01735931,1.095198702,0.011577368,0.843846591,0.00844292,8,-0.237863813,-0.664809777,0.823445317,-0.151149126,-0.653317091,0.77785063,0.010086594
UDref,1190,UADY,126,SwMa|CoDo|PiPi|EnCy,4,14,11.49073036,1.995617845,5.420378365,3.72,498,Seasonal,2,0.831173591,0.018131299,1.087698883,0.011514971,0.896555354,0.008890523,8,0.919634447,0.653937588,0.731850772,0.929294409,0.669325448,0.707676913,0.010836349
UDref,1191,UADY,126,SwMa|CoDo|PiPi|EnCy,4,18,11.57159146,2.122094592,6.324236892,5.16,499,Seasonal,2,0.908112017,0.018813019,1.091903619,0.011966108,0.927052122,0.008682048,8,1.769561764,1.474266114,0.773506433,1.61482517,1.434593327,0.747019465,0.011360483
UDref,1192,UADY,127,CePe|CoDo|PiPi|EnCy,4,15,10.50678221,1.883561713,4.437743728,7.91,500,Seasonal,2,0.736491956,0.016733912,1.043565661,0.011956365,0.868326377,0.008287756,8,-0.004368586,-0.07285879,0.224969086,0.085669499,-0.039035809,0.294734655,0.009974166
UDref,1193,UADY,128,TaRo|SwMa|CePe|CoDo,4,13,8.979853269,1.853238192,3.873509861,8.16,501,Seasonal,2,0.674465275,0.016913037,0.965395954,0.011822548,0.860159494,0.008590341,8,-0.534935884,-0.26953723,-0.561629595,-0.466995792,-0.243970747,-0.436677507,0.009114658
UDref,1194,UADY,128,TaRo|SwMa|CePe|CoDo,4,13,9.419558204,1.972775002,4.61080098,15.43,502,Seasonal,2,0.752309271,0.017692725,0.988970459,0.011850428,0.89147737,0.008379923,8,0.158362728,0.505778846,-0.335115241,0.2266037,0.541901533,-0.216097431,0.009780448
UDref,1195,UADY,129,SwMa|CePe|CoDo|EnCy,4,12,9.064221742,1.992623061,4.550451574,4.59,503,Seasonal,2,0.747984051,0.017072188,0.969585205,0.012346646,0.895580654,0.008451873,8,0.101614236,0.634513411,-0.518167107,0.188065465,0.644866901,-0.397479854,0.009646009
UDref,1196,UADY,129,SwMa|CePe|CoDo|EnCy,4,12,8.20451701,1.932926874,4.001170258,11.34,504,Seasonal,2,0.688227192,0.016743143,0.92075512,0.011721749,0.880995949,0.00854202,8,-0.414892697,0.247323779,-0.961044696,-0.344375431,0.278886936,-0.854369357,0.008967241
UDref,1197,UADY,129,SwMa|CePe|CoDo|EnCy,4,12.5,9.216192129,1.953617525,4.431945667,7.995,505,Seasonal,2,0.734781622,0.017973727,0.977697152,0.011786607,0.886623741,0.008736291,8,-0.00982069,0.381523398,-0.439879439,0.070430214,0.42010743,-0.321578625,0.009600751
UDref,1198,UADY,129,SwMa|CePe|CoDo|EnCy,4,13,9.09995908,1.865092672,3.960769641,7.93,506,Seasonal,2,0.684422814,0.017584862,0.971858156,0.011855934,0.863519244,0.008401712,8,-0.452882699,-0.19264904,-0.499756989,-0.378272903,-0.159663167,-0.376212481,0.009222173
UDref,1199,UADY,130,TaRo|SwMa|PiPi|EnCy,4,14,10.9119262,2.004667955,5.252316461,2.835,507,Seasonal,2,0.815906177,0.017295447,1.061794327,0.012389119,0.898953068,0.008642267,8,0.76160042,0.712636626,0.43367934,0.793259891,0.729492271,0.465295207,0.010614971
UDref,1200,UADY,130,TaRo|SwMa|PiPi|EnCy,4,15,12.19875646,1.98753564,5.574194193,7.845,508,Seasonal,2,0.844758707,0.018747746,1.117025663,0.011724201,0.895258758,0.008326854,8,1.06427243,0.601516384,1.09659099,1.050339454,0.636789452,0.982079422,0.011107655
UDref,1201,UADY,130,TaRo|SwMa|PiPi|EnCy,4,17.5,11.24136158,2.228949155,6.95195214,2.95,509,Seasonal,2,0.954461715,0.018142587,1.077467028,0.011782601,0.951661685,0.00866747,8,2.359822652,2.167325101,0.603388243,2.027806627,2.05213115,0.611940302,0.011597695
UDref,1202,UADY,130,TaRo|SwMa|PiPi|EnCy,4,16,10.95444478,1.983112986,5.133510591,2.46,510,Seasonal,2,0.804686205,0.018509658,1.064038557,0.01242674,0.893415237,0.008408255,8,0.64988343,0.572831038,0.455582821,0.693288575,0.590529208,0.486293844,0.010552508
UDref,1203,UADY,131,SwMa|CePe|CoDo|PiPi,4,14.5,11.85651679,1.876621391,4.755037537,7.695,511,Seasonal,2,0.768956141,0.017881253,1.104494922,0.011855267,0.866241797,0.008380114,8,0.293993014,-0.117873737,0.920285947,0.374929343,-0.091345029,0.864832775,0.010523663
UDref,1204,UADY,131,SwMa|CePe|CoDo|PiPi,4,14.5,9.315476581,1.879104889,4.112777917,8.295,512,Seasonal,2,0.701691854,0.017000441,0.982969523,0.012174305,0.866835192,0.008844826,8,-0.309944416,-0.101765763,-0.388732974,-0.22440365,-0.076454716,-0.272246525,0.009374085
UDref,1205,UADY,132,TaRo|CePe|CoDo|PiPi,4,15.5,10.60288909,1.781871308,3.910500228,14.36,513,Seasonal,2,0.678084516,0.016876337,1.048285346,0.012562965,0.840919516,0.00892722,8,-0.500152649,-0.732423034,0.274478623,-0.434747911,-0.726767398,0.338895439,0.009611125
UDref,1206,UADY,133,TaRo|CePe|PiPi|EnCy,4,17,13.73964125,2.000007999,6.143376236,2.905,514,Seasonal,2,0.893033331,0.018362617,1.176022839,0.011333848,0.897873056,0.008681821,8,1.599492658,0.682412139,1.890379037,1.480472233,0.702391094,1.534099565,0.011738623
UDref,1207,UADY,134,TaRo|CePe|CoDo|EnCy,4,17,13.36913342,2.012229675,6.163777419,1.77,515,Seasonal,2,0.894158072,0.018765854,1.162080393,0.011549442,0.901093411,0.008059249,8,1.618676548,0.761681963,1.699511629,1.490493813,0.783200769,1.403643978,0.011653433
UDref,1208,UADY,135,CoDo,1,10,5.842515233,2.295091513,4.331226513,44.615,516,Seasonal,0,0.725524017,0.016969482,0.755158442,0.011324576,0.966700809,0.008347086,8,-0.104530158,2.596324616,-2.177831824,-0.012056176,2.429514052,-2.403811322,0.008295377
UDref,1209,UADY,135,CoDo,1,15.5,9.370038804,2.204682822,5.948567224,17.5,517,Seasonal,0,0.87588243,0.018954108,0.986772115,0.012055402,0.946322082,0.008456391,8,1.416307462,2.009933599,-0.3606252,1.327655619,1.918142324,-0.23666673,0.010544252
